key,ar,bn,de,el,en,es,fa,fr,he,hi,hu,id,it,ja,ko,ms,my,nl,pl,pt,ro,ru,sr,th,tr,uz,vi,zh-CN,zh
contact_email,service@piyuo.com,service@piyuo.com,service@piyuo.com,service@piyuo.com,service@piyuo.com,service@piyuo.com,service@piyuo.com,service@piyuo.com,service@piyuo.com,service@piyuo.com,service@piyuo.com,service@piyuo.com,service@piyuo.com,service@piyuo.com,service@piyuo.com,service@piyuo.com,service@piyuo.com,service@piyuo.com,service@piyuo.com,service@piyuo.com,service@piyuo.com,service@piyuo.com,service@piyuo.com,service@piyuo.com,service@piyuo.com,service@piyuo.com,service@piyuo.com,service@piyuo.com,service@piyuo.com
terms_acceptance,"من خلال تنزيل أو تثبيت أو استخدام تطبيق Piyuo Counter (""الخدمة"")، فإنك توافق على الالتزام بشروط الخدمة هذه (""الشروط""). إذا كنت لا توافق على أي جزء من هذه الشروط، فلا يجوز لك الوصول إلى الخدمة.","পিয়ুও কাউন্টার অ্যাপ (""সেবা"") ডাউনলোড, ইনস্টল বা ব্যবহার করার মাধ্যমে, আপনি এই সেবার শর্তাবলীর (""শর্তাবলী"") দ্বারা আবদ্ধ থাকতে সম্মত হচ্ছেন। যদি আপনি এই শর্তাবলীর কোনো অংশের সাথে একমত না থাকেন, তাহলে আপনি সেবাটি ব্যবহার করতে পারবেন না।","Durch den Zugriff auf und die Nutzung unseres Dienstes stimmen Sie diesen Nutzungsbedingungen zu und verpflichten sich, diese einzuhalten. Falls Sie mit diesen Bedingungen nicht einverstanden sind, verwenden Sie bitte unseren Dienst nicht.","Με τη λήψη, εγκατάσταση ή χρήση της εφαρμογής Piyuo Counter (""Υπηρεσία""), συμφωνείτε να δεσμευτείτε από αυτούς τους Όρους Χρήσης (""Όροι""). Εάν διαφωνείτε με οποιοδήποτε μέρος αυτών των όρων, τότε δεν μπορείτε να έχετε πρόσβαση στην Υπηρεσία.","By downloading, installing, or using the Piyuo Counter app (""Service""), you agree to be bound by these Terms of Service (""Terms""). If you disagree with any part of these terms, then you may not access the Service.","Al acceder y utilizar nuestro servicio, usted acepta estar sujeto a estos Términos de Servicio. Si no está de acuerdo con estos términos, por favor no utilice nuestro servicio.","با دانلود، نصب یا استفاده از اپلیکیشن Piyuo Counter (""خدمات"")، شما موافقت می‌کنید که به این شرایط خدمات (""شرایط"") ملزم باشید. اگر با هر بخشی از این شرایط مخالف هستید، نمی‌توانید به خدمات دسترسی داشته باشید.","En accédant à notre service et en l'utilisant, vous acceptez d'être lié par ces Conditions d'Utilisation. Si vous n'acceptez pas ces conditions, veuillez ne pas utiliser notre service.","על ידי הורדה, התקנה או שימוש באפליקציית Piyuo Counter (""השירות""), אתם מסכימים להיות כבולים בתנאי השירות הללו (""התנאים""). אם אתם לא מסכימים לחלק כלשהו מהתנאים הללו, אתם לא יכולים לגשת לשירות.","Piyuo Counter ऐप (""सेवा"") को डाउनलोड, इंस्टॉल या उपयोग करके, आप इन सेवा की शर्तों (""शर्तें"") से बाध्य होने के लिए सहमत हैं। यदि आप इन शर्तों के किसी भी भाग से असहमत हैं, तो आप सेवा तक पहुंच नहीं बना सकते।","A Piyuo Counter alkalmazás (""Szolgáltatás"") letöltésével, telepítésével vagy használatával elfogadja, hogy ezeket a Szolgáltatási feltételeket (""Feltételek"") köti. Ha nem ért egyet ezen feltételek bármely részével, akkor nem használhatja a Szolgáltatást.","Dengan mengunduh, menginstal, atau menggunakan aplikasi Piyuo Counter (""Layanan""), Anda setuju untuk terikat dengan Syarat dan Ketentuan ini (""Syarat""). Jika Anda tidak setuju dengan bagian mana pun dari syarat ini, Anda tidak boleh mengakses Layanan.","Accedendo e utilizzando il nostro servizio, accettate di essere vincolati da questi Termini di Servizio. Se non siete d'accordo con questi termini, vi preghiamo di non utilizzare il nostro servizio.",当サービスにアクセスし、ご利用いただくことで、お客様はこの利用規約に同意し、これに拘束されることに同意されたものとみなされます。これらの条項に同意されない場合は、当サービスをご利用にならないでください。,당사 서비스에 접근하고 이용함으로써 귀하는 본 서비스 약관에 구속되는 것에 동의합니다. 이 약관에 동의하지 않으시면 저희 서비스를 이용하지 마십시오.,"Dengan memuat turun, memasang atau menggunakan aplikasi Piyuo Counter (""Perkhidmatan""), anda bersetuju untuk terikat dengan Syarat Perkhidmatan ini (""Syarat""). Jika anda tidak bersetuju dengan mana-mana bahagian syarat ini, maka anda tidak boleh mengakses Perkhidmatan.","Piyuo Counter အက်ပ်လီကေးရှင်း (""ဝန်ဆောင်မှု"") ကို ဒေါင်းလုဒ်လုပ်ခြင်း၊ တပ်ဆင်ခြင်း သို့မဟုတ် အသုံးပြုခြင်းဖြင့်၊ သင်သည် ဤဝန်ဆောင်မှု စည်းမျဉ်းများ (""စည်းမျဉ်းများ"") ကို လိုက်နာရန် သဘောတူသည်။ ဤစည်းမျဉ်းများ၏ မည်သည့်အပိုင်းကိုမဆို သင်သဘောမတူပါက၊ သင်သည် ဝန်ဆောင်မှုကို အသုံးပြုနိုင်မည်မဟုတ်ပါ။","Door het downloaden, installeren of gebruiken van de Piyuo Counter app (de ""Service""), gaat u ermee akkoord gebonden te zijn aan deze Servicevoorwaarden (de ""Voorwaarden""). Als u het niet eens bent met enig deel van deze voorwaarden, dan mag u geen toegang krijgen tot de Service.","Pobierając, instalując lub korzystając z aplikacji Piyuo Counter (""Usługa""), zgadzasz się być związany niniejszym Regulaminem Usługi (""Regulamin""). Jeśli nie zgadzasz się z jakąkolwiek częścią tego regulaminu, nie możesz uzyskać dostępu do Usługi.","Ao acessar e usar nosso serviço, você concorda em estar vinculado a estes Termos de Serviço. Se você não concordar com estes termos, por favor não use nosso serviço.","Prin descărcarea, instalarea sau utilizarea aplicației Piyuo Counter (""Serviciul""), sunteți de acord să fiți obligat de acești Termeni și Condiții (""Termenii""). Dacă nu sunteți de acord cu orice parte a acestor termeni, atunci nu puteți accesa Serviciul.","Загружая, устанавливая или используя приложение Piyuo Counter (""Сервис""), вы соглашаетесь соблюдать эти Условия обслуживания (""Условия""). Если вы не согласны с какой-либо частью этих условий, вы не можете получить доступ к Сервису.","Preuzimanjem, instaliranjem ili korišćenjem aplikacije Piyuo Counter (""Usluga""), slažete se da budete vezani ovim Uslovima korišćenja (""Uslovi""). Ako se ne slažete ni sa jednim delom ovih uslova, tada ne možete pristupiti Usluzi.","โดยการดาวน์โหลด ติดตั้ง หรือใช้แอปพลิเคชัน Piyuo Counter (""บริการ"") คุณตกลงที่จะผูกพันกับข้อกำหนดการบริการเหล่านี้ (""ข้อกำหนด"") หากคุณไม่เห็นด้วยกับส่วนใดส่วนหนึ่งของข้อกำหนดเหล่านี้ คุณจะไม่สามารถเข้าใช้บริการได้","Piyuo Counter uygulamasını (""Hizmet"") indirerek, yükleyerek veya kullanarak, bu Hizmet Şartları'nı (""Şartlar"") kabul etmeyi kabul edersiniz. Bu şartların herhangi bir kısmına katılmıyorsanız, Hizmete erişemezsiniz.","Piyuo Counter ilovasini (""Xizmat"") yuklab olish, o'rnatish yoki foydalanish orqali siz ushbu Xizmat Shartlari (""Shartlar"") bilan bog'lanishga rozilik bildirasiz. Agar siz ushbu shartlarning biron bir qismi bilan rozi bo'lmasangiz, Xizmatdan foydalana olmaysiz.","Bằng việc tải xuống, cài đặt hoặc sử dụng ứng dụng Piyuo Counter (""Dịch Vụ""), bạn đồng ý bị ràng buộc bởi các Điều Khoản Dịch Vụ này (""Điều Khoản""). Nếu bạn không đồng ý với bất kỳ phần nào của các điều khoản này, thì bạn không được phép truy cập Dịch Vụ.",通过访问和使用我们的服务，您同意受这些服务条款的约束。如果您不同意这些条款，请不要使用我们的服务。,"通过下载、安装或使用Piyuo Counter应用程序（""服务""），您同意受这些服务条款（""条款""）的约束。如果您不同意这些条款的任何部分，则您不得访问服务。"
terms_acceptance_title,1. قبول الشروط,১. শর্তাবলী গ্রহণ,Annahme der Nutzungsbedingungen,1. Αποδοχή των Όρων,1. Acceptance of Terms,Aceptación de los Términos de Servicio,۱. پذیرش شرایط,Acceptation des Conditions d'Utilisation,1. קבלת התנאים,1. शर्तों की स्वीकृति,1. A feltételek elfogadása,1. Penerimaan Syarat,Accettazione dei Termini di Servizio,利用規約への同意,서비스 약관 동의,1. Penerimaan Syarat,၁။ စည်းမျဉ်းများ လက်ခံခြင်း,1. Aanvaarding van Voorwaarden,1. Akceptacja Regulaminu,Aceitação dos Termos de Serviço,1. Acceptarea Termenilor,1. Принятие условий,1. Prihvatanje uslova,1. การยอมรับข้อกำหนด,1. Şartların Kabulü,1. Shartlarni Qabul Qilish,1. Chấp Nhận Điều Khoản,接受服务条款,1. 条款接受
terms_changes,نحتفظ بالحق، وفقاً لتقديرنا الوحيد، في تعديل أو استبدال هذه الشروط في أي وقت. إذا كانت المراجعة جوهرية، فسنبذل جهوداً معقولة لتقديم إشعار (مثلاً من خلال التطبيق أو على الموقع الإلكتروني) قبل دخول أي شروط جديدة حيز التنفيذ. ما يشكل تغييراً جوهرياً سيتم تحديده وفقاً لتقديرنا الوحيد. من خلال الاستمرار في الوصول إلى خدمتنا أو استخدامها بعد دخول تلك المراجعات حيز التنفيذ، توافق على الالتزام بالشروط المنقحة.,"আমরা আমাদের একক বিবেচনার ভিত্তিতে যে কোনো সময় এই শর্তাবলী পরিবর্তন বা প্রতিস্থাপন করার অধিকার সংরক্ষণ করি। যদি একটি সংশোধনী গুরুত্বপূর্ণ হয়, আমরা কোনো নতুন শর্ত কার্যকর হওয়ার আগে (যেমন অ্যাপের মাধ্যমে বা ওয়েবসাইটে) নোটিশ প্রদানের জন্য যুক্তিসঙ্গত প্রচেষ্টা করব। গুরুত্বপূর্ণ পরিবর্তন কী তা আমাদের একক বিবেচনার ভিত্তিতে নির্ধারিত হবে।","Wir behalten uns das Recht vor, diese Bedingungen jederzeit zu ändern oder zu aktualisieren. Wesentliche Änderungen werden Ihnen gemäß DSGVO-Anforderungen mit angemessener Vorlaufzeit mitgeteilt. Ihre fortgesetzte Nutzung nach solchen Benachrichtigungen stellt Ihre Zustimmung zu den aktualisierten Bedingungen dar.","Διατηρούμε το δικαίωμα, κατά τη μόνη μας διακριτική ευχέρεια, να τροποποιούμε ή να αντικαθιστούμε αυτούς τους Όρους ανά πάσα στιγμή.","We reserve the right, at our sole discretion, to modify or replace these Terms at any time. If a revision is material, we will make reasonable efforts to provide notice (e.g., through the App or on the Website) prior to any new terms taking effect. What constitutes a material change will be determined at our sole discretion. By continuing to access or use our Service after those revisions become effective, you agree to be bound by the revised terms.",Nos reservamos el derecho de modificar o actualizar estos términos en cualquier momento. Los cambios materiales se le comunicarán con un aviso previo razonable según lo requiere el RGPD. Su uso continuado después de tales notificaciones constituye su aceptación de los términos actualizados.,ما حق تغییر یا جایگزینی این شرایط را در هر زمان و به تشخیص خود محفوظ می‌داریم.,Nous nous réservons le droit de modifier ou de mettre à jour ces conditions à tout moment. Les changements substantiels vous seront communiqués avec un préavis raisonnable conformément aux exigences du RGPD. Votre utilisation continue après de telles notifications constitue votre acceptation des conditions mises à jour.,"אנחנו שומרים לעצמנו את הזכות, לפי שיקול דעתנו הבלעדי, לשנות או להחליף את התנאים הללו בכל עת.","हम अपने विवेकाधिकार से किसी भी समय इन शर्तों को संशोधित या बदलने का अधिकार सुरक्षित रखते हैं। यदि कोई संशोधन महत्वपूर्ण है, तो हम कोई भी नई शर्तें प्रभावी होने से पहले सूचना प्रदान करने के लिए उचित प्रयास करेंगे। क्या एक महत्वपूर्ण परिवर्तन का गठन करता है, यह हमारे विवेकाधिकार से निर्धारित किया जाएगा। इन संशोधनों के प्रभावी होने के बाद हमारी सेवा तक पहुंच जारी रखने या उपयोग करने से, आप संशोधित शर्तों से बाध्य होने के लिए सहमत हैं।","Fenntartjuk a jogot, hogy saját mérlegelésünk szerint bármikor módosítsuk vagy lecseréljük ezeket a Feltételeket. Ha a módosítás lényeges, ésszerű erőfeszítéseket teszünk az értesítés biztosítására (pl. az Alkalmazáson vagy a Weboldalon keresztül) az új feltételek hatálybalépése előtt. Azt, hogy mi minősül lényeges változásnak, kizárólagos mérlegelésünk alapján határozzuk meg. A Szolgáltatásunk folyamatos elérésével vagy használatával a módosítások hatálybalépése után beleegyezik a módosított feltételek betartásába.","Kami berhak, atas kebijakan kami sendiri, untuk memodifikasi atau mengganti Syarat ini kapan saja.",Ci riserviamo il diritto di modificare o aggiornare questi termini in qualsiasi momento. I cambiamenti sostanziali vi saranno comunicati con un ragionevole preavviso come richiesto dal GDPR. Il vostro uso continuato dopo tali notifiche costituisce la vostra accettazione dei termini aggiornati.,当社は、これらの条項をいつでも変更または更新する権利を留保します。重要な変更については、個人情報保護法の要件に従って合理的な事前通知を行います。そのような通知後の継続的な使用は、更新された条項への同意を構成します。,당사는 언제든지 이 약관을 수정하거나 업데이트할 권리를 보유합니다. 중요한 변경사항은 개인정보보호법 요구사항에 따라 합리적인 사전 통지와 함께 전달됩니다. 그러한 통지 후 계속 사용하는 것은 업데이트된 약관에 대한 귀하의 수락을 구성합니다.,"Kami berhak, atas budi bicara kami semata-mata, untuk mengubah suai atau menggantikan Syarat ini pada bila-bila masa. Jika semakan adalah material, kami akan berusaha secara munasabah untuk memberikan notis (cth., melalui Aplikasi atau di Laman Web) sebelum sebarang syarat baharu berkuat kuasa. Apa yang merupakan perubahan material akan ditentukan atas budi bicara kami semata-mata. Dengan terus mengakses atau menggunakan Perkhidmatan kami selepas semakan tersebut menjadi berkesan, anda bersetuju untuk terikat dengan syarat yang disemak.",ကျွန်ုပ်တို့သည် ကျွန်ုပ်တို့၏ တစ်ဦးတည်းဆုံးဖြတ်ချက်ဖြင့်၊ မည်သည့်အချိန်တွင်မဆို ဤစည်းမျဉ်းများကို မွမ်းမံခြင်း သို့မဟုတ် အစားထိုးခြင်းပိုင်ခွင့်ကို သိမ်းထားသည်။ ပြန်လည်သုံးသပ်မှုသည် အရေးကြီးပါက၊ ကျွန်ုပ်တို့သည် မည်သည့်စည်းမျဉ်းအသစ်များမဆို အသက်ဝင်မီ အသိပေးချက်ပေးရန် (ဥပမာ အက်ပ်လီကေးရှင်း သို့မဟုတ် ဝဘ်ဆိုက်မှတစ်ဆင့်) ကျိုးကြောင်းဆီလျော်သော ကြိုးပမ်းမှုများ ပြုလုပ်မည်။ အရေးကြီးသောပြောင်းလဲမှု ဆိုသည်မှာ အဘယ်အရာကို ကျွန်ုပ်တို့၏ တစ်ဦးတည်းဆုံးဖြတ်ချက်ဖြင့် ဆုံးဖြတ်မည်။ ထိုပြန်လည်သုံးသပ်မှုများ အသက်ဝင်လာပြီးနောက် ကျွန်ုပ်တို့၏ဝန်ဆောင်မှုကို ဆက်လက်သုံးစွဲခြင်း သို့မဟုတ် အသုံးပြုခြင်းဖြင့်၊ သင်သည် ပြန်လည်သုံးသပ်ထားသည့် စည်းမျဉ်းများကို လိုက်နာရန် သဘောတူသည်။,"Wij behouden ons het recht voor om naar eigen goeddunken deze Voorwaarden op elk moment te wijzigen of te vervangen. Als een herziening materieel is, zullen wij redelijke inspanningen ondernemen om kennisgeving te geven voordat nieuwe voorwaarden van kracht worden. Wat een materiële wijziging vormt wordt naar ons eigen goeddunken bepaald. Door na deze herzieningen van kracht worden toegang te blijven krijgen tot of gebruik te maken van onze Service, gaat u ermee akkoord gebonden te zijn aan de herziene voorwaarden.","Zastrzegamy sobie prawo, według własnego uznania, do modyfikacji lub zastąpienia niniejszego Regulaminu w dowolnym czasie. Jeśli rewizja jest istotna, dołożymy rozsądnych starań, aby zapewnić powiadomienie (np. poprzez Aplikację lub na Stronie Internetowej) przed wejściem w życie nowych warunków. To, co stanowi istotną zmianę, zostanie określone według naszego własnego uznania. Kontynuując dostęp do lub korzystanie z naszej Usługi po wejściu w życie tych rewizji, zgadzasz się być związany zrewidowanymi warunkami.",Reservamo-nos o direito de modificar ou atualizar estes termos a qualquer momento. Mudanças materiais serão comunicadas com antecedência razoável conforme exigido pela LGPD. Seu uso continuado após tais notificações constitui sua aceitação dos termos atualizados.,"Ne rezervăm dreptul, la discreția noastră exclusivă, de a modifica sau înlocui acești Termeni în orice moment. Dacă o revizie este materială, vom face eforturi rezonabile pentru a furniza notificare (de exemplu, prin Aplicație sau pe Site) înainte ca orice termeni noi să intre în vigoare. Ce constituie o schimbare materială va fi determinat la discreția noastră exclusivă. Prin continuarea accesării sau utilizării Serviciului nostru după ce aceste revizii devin efective, sunteți de acord să fiți obligat de termenii revizuiți.","Мы оставляем за собой право по нашему собственному усмотрению изменять или заменять эти Условия в любое время. Если пересмотр является существенным, мы приложим разумные усилия для предоставления уведомления до вступления в силу любых новых условий. То, что составляет существенное изменение, будет определяться по нашему собственному усмотрению. Продолжая получать доступ к нашему Сервису или использовать его после того, как эти изменения вступят в силу, вы соглашаетесь соблюдать пересмотренные условия.","Zadržavamo pravo, po našoj isključivoj diskreciji, da modifikujemo ili zamenimo ove Uslove u bilo kom trenutku. Ako je revizija materijalna, napravićemo razumne napore da obezbedimo obaveštenje (npr. kroz Aplikaciju ili na Veb sajtu) pre nego što bilo koji novi uslovi stupe na snagu. Šta predstavlja materijalnu izmenu biće određeno po našoj isključivoj diskreciji. Nastavljanjem pristupa ili korišćenja naše Usluge nakon što ove revizije postanu efikasne, slažete se da budete vezani revizovanim uslovima.",เราขอสงวนสิทธิ์ในการปรับเปลี่ยนหรือแทนที่ข้อกำหนดเหล่านี้ได้ตามดุลยพินิจของเราเองเท่านั้น หากการแก้ไขมีสาระสำคัญ เราจะพยายามอย่างสมเหตุสมผลในการแจ้งให้ทราบก่อนที่ข้อกำหนดใหม่ใดๆ จะมีผลบังคับใช้ สิ่งที่ถือเป็นการเปลี่ยนแปลงที่มีสาระสำคัญจะถูกกำหนดตามดุลยพินิจของเราเอง การเข้าใช้หรือใช้บริการของเราต่อไปหลังจากการแก้ไขเหล่านั้นมีผลบังคับใช้ คุณตกลงที่จะผูกพันกับข้อกำหนดที่แก้ไขแล้ว,"Bu Şartları istediğimiz zaman değiştirme veya değiştirme hakkını saklı tutarız. Bir revizyon önemliyse, yeni şartların yürürlüğe girmesinden önce makul çabalar göstererek bildirim sağlarız. Önemli değişikliği neyin oluşturduğu kendi takdirimizle belirlenir. Bu revizyonlar yürürlüğe girdikten sonra Hizmetimize erişmeye veya kullanmaya devam ederek, revize edilmiş şartlarla bağlı olmayı kabul edersiniz.","Biz o'z ixtiyorimizga ko'ra, istalgan vaqtda ushbu Shartlarni o'zgartirish yoki almashtirish huquqini saqlab qolamiz. Agar o'zgartirish muhim bo'lsa, yangi shartlar kuchga kirishi oldidan ogohlantirishga harakat qilamiz.","Chúng tôi bảo lưu quyền, theo quyết định riêng của chúng tôi, để sửa đổi hoặc thay thế các Điều Khoản này bất cứ lúc nào. Nếu một bản sửa đổi là quan trọng, chúng tôi sẽ nỗ lực hợp lý để cung cấp thông báo trước khi bất kỳ điều khoản mới nào có hiệu lực. Những gì cấu thành thay đổi quan trọng sẽ được xác định theo quyết định riêng của chúng tôi. Bằng việc tiếp tục truy cập hoặc sử dụng Dịch Vụ của chúng tôi sau khi những sửa đổi đó có hiệu lực, bạn đồng ý bị ràng buộc bởi các điều khoản đã được sửa đổi.",我们保留随时修改或更新这些条款的权利。重大变更将根据《个人信息保护法》要求提前合理通知您。在此类通知后您继续使用构成您对更新条款的接受。,我们保留在任何时候自行决定修改或替换这些条款的权利。如果修订是实质性的，我们将在任何新条款生效之前尽合理努力提供通知（例如，通过应用程序或网站）。什么构成实质性更改将由我们自行决定。在这些修订生效后继续访问或使用我们的服务，即表示您同意受修订条款的约束。
terms_changes_title,9. تغييرات على هذه الشروط,৯. এই শর্তাবলীর পরিবর্তন,Änderungen dieser Nutzungsbedingungen,9. Αλλαγές σε Αυτούς τους Όρους,9. Changes to These Terms,Cambios en estos Términos de Servicio,۹. تغییرات در این شرایط,Modifications de ces Conditions de Service,9. שינויים בתנאים אלה,9. इन शर्तों में परिवर्तन,9. A feltételek módosítása,9. Perubahan pada Syarat Ini,Modifiche a questi Termini di Servizio,本サービス利用規約の変更,본 서비스 약관의 변경,9. Perubahan kepada Syarat Ini,၉။ ဤစည်းမျဉ်းများ၏ ပြောင်းလဲမှုများ,9. Wijzigingen aan Deze Voorwaarden,9. Zmiany w Niniejszym Regulaminie,Alterações nestes Termos de Serviço,9. Modificări ale Acestor Termeni,9. Изменения в этих условиях,9. Izmene ovih uslova,9. การเปลี่ยนแปลงข้อกำหนดเหล่านี้,9. Bu Şartlarda Değişiklikler,9. Ushbu Shartlarga O'zgartirishlar,9. Thay Đổi Các Điều Khoản Này,本服务条款的变更,9. 这些条款的更改
terms_contact_email,عبر البريد الإلكتروني: {email},ইমেইলের মাধ্যমে: {email},Per E-Mail: {email},Μέσω email: {email},By email: {email},Por correo electrónico: {email},از طریق ایمیل: {email},Par email : {email},באמצעות אימייל: {email},ईमेल द्वारा: {email},E-mailben: {email},Melalui email: {email},Via email: {email},メール：{email},이메일: {email},Melalui e-mel: {email},အီးမေးလ်ဖြင့်- {email},Per e-mail: {email},Przez e-mail: {email},Por email: {email},Prin e-mail: {email},По электронной почте: {email},Putem e-pošte: {email},ทางอีเมล: {email},E-posta ile: {email},Elektron pochta orqali: {email},Qua email: {email},电子邮件：{email},通过电子邮件：{email}
terms_contact_intro,إذا كان لديك أي أسئلة حول هذه الشروط، يرجى الاتصال بنا:,"এই শর্তাবলী সম্পর্কে আপনার কোনো প্রশ্ন থাকলে, অনুগ্রহ করে আমাদের সাথে যোগাযোগ করুন:",Für Anfragen zum Datenschutz gemäß DSGVO oder allgemeine Fragen kontaktieren Sie uns bitte:,"Εάν έχετε οποιεσδήποτε ερωτήσεις σχετικά με αυτούς τους Όρους, παρακαλώ επικοινωνήστε μαζί μας:","If you have any questions about these Terms, please contact us:","Para consultas de privacidad de datos conforme al RGPD o preguntas generales, contáctenos:",اگر در مورد این شرایط سوالی دارید، لطفاً با ما تماس بگیرید:,"Pour les demandes de confidentialité des données conformément au RGPD ou les questions générales, veuillez nous contacter :","אם יש לכם שאלות על התנאים הללו, אנא צרו איתנו קשר:","यदि आपके पास इन शर्तों के बारे में कोई प्रश्न हैं, तो कृपया हमसे संपर्क करें:","Ha kérdése van ezekkel a Feltételekkel kapcsolatban, kérjük, lépjen kapcsolatba velünk:","Jika Anda memiliki pertanyaan tentang Syarat ini, silakan hubungi kami:","Per richieste sulla privacy dei dati conformi al GDPR o domande generali, contattateci:",個人情報保護法に基づくデータプライバシーに関するお問い合わせまたは一般的なご質問については、お気軽にお問い合わせください：,개인정보보호법에 따른 데이터 프라이버시 문의 또는 일반 문의사항이 있으시면 연락해 주세요:,"Jika anda mempunyai sebarang soalan tentang Syarat ini, sila hubungi kami:",ဤစည်းမျဉ်းများနှင့်ပတ်သက်၍ သင့်တွင် မည်သည့်မေးခွန်းများမဆို ရှိပါက၊ ကျေးဇူးပြု၍ ကျွန်ုပ်တို့ကို ဆက်သွယ်ပါ-,"Als u vragen heeft over deze Voorwaarden, neem dan contact met ons op:","Jeśli masz jakiekolwiek pytania dotyczące niniejszego Regulaminu, skontaktuj się z nami:","Para consultas sobre privacidade de dados conforme LGPD ou questões gerais, entre em contato conosco:","Dacă aveți întrebări despre acești Termeni, vă rugăm să ne contactați:","Если у вас есть вопросы об этих Условиях, свяжитесь с нами:","Ako imate bilo kakva pitanja o ovim Uslovima, molimo kontaktirajte nas:",หากคุณมีคำถามใดๆ เกี่ยวกับข้อกำหนดเหล่านี้ โปรดติดต่อเรา:,"Bu Şartlar hakkında sorularınız varsa, lütfen bizimle iletişime geçin:","Agar sizda ushbu Shartlar haqida savollar bo'lsa, biz bilan bog'laning:","Nếu bạn có bất kỳ câu hỏi nào về các Điều Khoản này, vui lòng liên hệ với chúng tôi:",如有根据《个人信息保护法》的数据隐私查询或一般问题，请联系我们：,如果您对这些条款有任何疑问，请联系我们：
terms_contact_title,13. معلومات الاتصال,১৩. যোগাযোগের তথ্য,13. Kontaktinformationen,13. Στοιχεία Επικοινωνίας,13. Contact Information,13. Información de Contacto,۱۳. اطلاعات تماس,13. Informations de contact,13. פרטי קשר,13. संपर्क जानकारी,13. Kapcsolattartási információk,13. Informasi Kontak,13. Informazioni di Contatto,13. 連絡先情報,13. 연락처 정보,13. Maklumat Hubungan,၁၃။ ဆက်သွယ်ရေး အချက်အလက်,13. Contactinformatie,13. Informacje Kontaktowe,13. Informações de Contato,13. Informații de Contact,13. Контактная информация,13. Kontakt informacije,13. ข้อมูลการติดต่อ,13. İletişim Bilgileri,13. Aloqa Ma'lumotlari,13. Thông Tin Liên Hệ,13. 联系信息,13. 联系信息
terms_contact_website,عن طريق زيارة هذه الصفحة على موقعنا الإلكتروني: {website},আমাদের ওয়েবসাইটের এই পৃষ্ঠাটি পরিদর্শন করে: {website},Durch Besuch dieser Seite auf unserer Website: {website},Επισκεπτόμενοι αυτήν τη σελίδα στον ιστότοπό μας: {website},By visiting this page on our website: {website},Visitando esta página en nuestro sitio web: {website},با مراجعه به این صفحه در وب‌سایت ما: {website},En visitant cette page sur notre site web : {website},על ידי ביקור בעמוד זה באתר שלנו: {website},हमारी वेबसाइट पर इस पृष्ठ पर जाकर: {website},Weboldalunk ezen oldalának meglátogatásával: {website},Dengan mengunjungi halaman ini di situs web kami: {website},Visitando questa pagina sul nostro sito web: {website},当社ウェブサイトのこのページを訪問：{website},당사 웹사이트의 이 페이지 방문: {website},Dengan melawat halaman ini di laman web kami: {website},ကျွန်ုပ်တို့၊ ဝဘ်ဆိုက်ရှိ ဤစာမျက်နှာကို လည်ပတ်ခြင်းဖြင့်- {website},Door deze pagina op onze website te bezoeken: {website},Odwiedzając tę stronę na naszej stronie internetowej: {website},Visitando esta página em nosso site: {website},Vizitând această pagină pe site-ul nostru: {website},Посетив эту страницу на нашем веб-сайте: {website},Posetom ove stranice na našem veb sajtu: {website},โดยการเยี่ยมชมหน้านี้บนเว็บไซต์ของเรา: {website},Web sitemizde bu sayfayı ziyaret ederek: {website},Veb-saytimizda ushbu sahifaga tashrif buyurish orqali: {website},Bằng cách truy cập trang này trên trang web của chúng tôi: {website},访问我们网站上的此页面：{website},访问我们网站上的此页面：{website}
terms_description_1,Piyuo Counter هو تطبيق برمجي يستخدم كاميرا جهازك وتقنية الرؤية الحاسوبية لعد وتتبع الأشياء مثل المشاة والمركبات أو العناصر الأخرى تلقائياً في الوقت الفعلي.,"পিয়ুও কাউন্টার হলো একটি সফটওয়্যার অ্যাপ্লিকেশন যা আপনার ডিভাইসের ক্যামেরা এবং কম্পিউটার ভিশন প্রযুক্তি ব্যবহার করে পথচারী, যানবাহন বা অন্যান্য বস্তুর মতো অবজেক্টগুলোকে রিয়েল-টাইমে স্বয়ংক্রিয়ভাবে গণনা এবং ট্র্যাক করে।","Piyuo Counter ist eine Softwareanwendung, die die Kamera Ihres Geräts und Computer-Vision-Technologie verwendet, um Objekte wie Fußgänger, Fahrzeuge oder andere Gegenstände automatisch in Echtzeit zu zählen und zu verfolgen.","Το Piyuo Counter είναι μια εφαρμογή λογισμικού που χρησιμοποιεί την κάμερα της συσκευής σας και τεχνολογία υπολογιστικής όρασης για να μετρά και να παρακολουθεί αυτόματα αντικείμενα όπως πεζούς, οχήματα ή άλλα στοιχεία σε πραγματικό χρόνο.","Piyuo Counter is a software application that uses your device's camera and computer vision technology to automatically count and track objects such as pedestrians, vehicles, or other items in real-time.","Piyuo Counter es una aplicación de software que utiliza la cámara de su dispositivo y tecnología de visión por computadora para contar y rastrear automáticamente objetos como peatones, vehículos u otros elementos en tiempo real.",Piyuo Counter یک نرم‌افزار است که از دوربین دستگاه شما و فناوری بینایی کامپیوتر برای شمارش و ردیابی خودکار اشیاء مثل عابران پیاده، وسایل نقلیه یا موارد دیگر در زمان واقعی استفاده می‌کند.,"Piyuo Counter est une application logicielle qui utilise la caméra de votre appareil et la technologie de vision par ordinateur pour compter et suivre automatiquement des objets tels que les piétons, les véhicules ou d'autres éléments en temps réel.","Piyuo Counter היא אפליקציית תוכנה שמשתמשת במצלמת המכשיר שלכם ובטכנולוגיית ראייה ממוחשבת כדי לספור ולעקוב אוטומטית אחר אובייקטים כמו הולכי רגל, כלי רכב או פריטים אחרים בזמן אמת.","Piyuo Counter एक सॉफ्टवेयर एप्लिकेशन है जो आपके डिवाइस के कैमरे और कंप्यूटर विज़न तकनीक का उपयोग करके पैदल चलने वाले, वाहन या अन्य वस्तुओं जैसी वस्तुओं को रियल-टाइम में स्वचालित रूप से गिनने और ट्रैक करने के लिए करता है।","A Piyuo Counter egy szoftveralkalmazás, amely az eszköze kameráját és számítógépes látás technológiát használ a gyalogosok, járművek vagy egyéb tárgyak automatikus valós idejű számolásához és követéséhez.","Piyuo Counter adalah aplikasi perangkat lunak yang menggunakan kamera perangkat Anda dan teknologi computer vision untuk secara otomatis menghitung dan melacak objek seperti pejalan kaki, kendaraan, atau item lain secara real-time.","Piyuo Counter è un'applicazione software che utilizza la fotocamera del tuo dispositivo e la tecnologia di computer vision per contare e tracciare automaticamente oggetti come pedoni, veicoli o altri elementi in tempo reale.",Piyuo Counterは、お客様のデバイスのカメラとコンピュータビジョン技術を使用して、歩行者、車両、その他のアイテムなどのオブジェクトをリアルタイムで自動的にカウントし追跡するソフトウェアアプリケーションです。,"Piyuo Counter는 귀하의 기기 카메라와 컴퓨터 비전 기술을 사용하여 보행자, 차량 또는 기타 항목과 같은 객체를 실시간으로 자동으로 계산하고 추적하는 소프트웨어 애플리케이션입니다.","Piyuo Counter ialah aplikasi perisian yang menggunakan kamera peranti anda dan teknologi penglihatan komputer untuk mengira dan menjejak objek seperti pejalan kaki, kenderaan atau item lain secara automatik dalam masa nyata.",Piyuo Counter သည် သင်၏ စက်ပစ္စည်း၏ ကင်မရာနှင့် ကွန်ပျူတာ မြင်ကွင်း နည်းပညာကို အသုံးပြု၍ လမ်းလျှောက်သူများ၊ ယာဉ်များ သို့မဟုတ် အခြားအရာများကဲ့သို့သော အရာဝတ္ထုများကို အချိန်နှင့်တစ်ပြေးညီ အလိုအလျောက် ရေတွက်ပြီး ခြေရာခံသည့် ဆော့ဖ်ဝဲအက်ပ်လီကေးရှင်းတစ်ခုဖြစ်သည်။,"Piyuo Counter is een softwaretoepassing die de camera van uw apparaat en computer vision technologie gebruikt om automatisch objecten zoals voetgangers, voertuigen of andere items in real-time te tellen en te volgen.","Piyuo Counter to aplikacja programowa, która wykorzystuje kamerę urządzenia i technologię widzenia komputerowego do automatycznego liczenia i śledzenia obiektów, takich jak piesi, pojazdy lub inne przedmioty w czasie rzeczywistym.","Piyuo Counter é uma aplicação de software que usa a câmera do seu dispositivo e tecnologia de visão computacional para contar e rastrear automaticamente objetos como pedestres, veículos ou outros itens em tempo real.","Piyuo Counter este o aplicație software care utilizează camera dispozitivului dvs. și tehnologia de viziune computerizată pentru a număra și urmări automat obiecte precum pietoni, vehicule sau alte elemente în timp real.","Piyuo Counter - это программное приложение, которое использует камеру вашего устройства и технологию компьютерного зрения для автоматического подсчета и отслеживания объектов, таких как пешеходы, транспортные средства или другие предметы в режиме реального времени.","Piyuo Counter je softverska aplikacija koja koristi kameru vašeg uređaja i tehnologiju kompjuterskog vida za automatsko brojanje i praćenje objekata kao što su pešaci, vozila ili drugi predmeti u realnom vremenu.",Piyuo Counter เป็นแอปพลิเคชันซอฟต์แวร์ที่ใช้กล้องของอุปกรณ์ของคุณและเทคโนโลยีคอมพิวเตอร์วิชันเพื่อนับและติดตามวัตถุต่างๆ เช่น คนเดินเท้า ยานพาหนะ หรือสิ่งของอื่นๆ โดยอัตโนมัติในเวลาจริง,"Piyuo Counter, cihazınızın kamerası ve bilgisayarlı görü teknolojisini kullanarak yayalar, araçlar veya diğer öğeler gibi nesneleri gerçek zamanlı olarak otomatik olarak sayma ve takip etme amacıyla kullanılan bir yazılım uygulamasıdır.","Piyuo Counter - bu qurilmangizning kamerasi va kompyuter ko'rish texnologiyasidan foydalanib, piyodalar, transport vositalari yoki boshqa ob'ektlarni real vaqtda avtomatik ravishda sanash va kuzatish uchun mo'ljallangan dasturiy ta'minot ilovasi.","Piyuo Counter là một ứng dụng phần mềm sử dụng camera thiết bị của bạn và công nghệ thị giác máy tính để tự động đếm và theo dõi các đối tượng như người đi bộ, phương tiện hoặc các mục khác trong thời gian thực.",Piyuo Counter 是一个软件应用程序，使用您设备的摄像头和计算机视觉技术实时自动计数和跟踪行人、车辆或其他物体。,Piyuo Counter是一个软件应用程序，使用您设备的摄像头和计算机视觉技术来自动实时计数和跟踪行人、车辆或其他物品等对象。
terms_description_2,تعمل الخدمة بالكامل على جهازك المحلي. نحن لا نجمع أو نخزن أو ننقل أي بيانات من استخدامك للتطبيق.,"সেবাটি সম্পূর্ণভাবে আপনার স্থানীয় ডিভাইসে কাজ করে। আমরা অ্যাপের ব্যবহার থেকে কোনো ডেটা সংগ্রহ, সংরক্ষণ বা প্রেরণ করি না।","Der Dienst funktioniert vollständig auf Ihrem lokalen Gerät. Wir sammeln, speichern oder übertragen keine Daten aus Ihrer Nutzung der App.","Η Υπηρεσία λειτουργεί εξ ολοκλήρου στην τοπική σας συσκευή. Δεν συλλέγουμε, αποθηκεύουμε ή μεταδίδουμε οποιαδήποτε δεδομένα από τη χρήση της εφαρμογής.","The Service operates entirely on your local device. We do not collect, store, or transmit any data from your use of the app.","El Servicio opera completamente en su dispositivo local. No recopilamos, almacenamos ni transmitimos ningún dato de su uso de la aplicación.",این خدمات کاملاً روی دستگاه محلی شما کار می‌کند. ما هیچ داده‌ای از استفاده شما از اپلیکیشن جمع‌آوری، ذخیره یا ارسال نمی‌کنیم.,"Le Service fonctionne entièrement sur votre appareil local. Nous ne collectons, ne stockons ni ne transmettons aucune donnée de votre utilisation de l'application.","השירות פועל לחלוטין במכשיר המקומי שלכם. אנחנו לא אוספים, שומרים או מעבירים שום נתונים מהשימוש שלכם באפליקציה.","सेवा पूरी तरह से आपके स्थानीय डिवाइस पर काम करती है। हम ऐप के आपके उपयोग से कोई भी डेटा संग्रहीत, भंडारित या प्रसारित नहीं करते हैं।","A Szolgáltatás teljes mértékben az Ön helyi eszközén működik. Nem gyűjtünk, tárolunk vagy továbbítunk semmilyen adatot az alkalmazás használatából.","Layanan beroperasi sepenuhnya di perangkat lokal Anda. Kami tidak mengumpulkan, menyimpan, atau mengirimkan data apa pun dari penggunaan aplikasi Anda.","Il Servizio opera interamente sul tuo dispositivo locale. Non raccogliamo, archiviamo o trasmettere alcun dato dal tuo utilizzo dell'app.",サービスは完全にお客様のローカルデバイス上で動作します。当社は、お客様のアプリの使用から一切のデータを収集、保存、または送信いたしません。,"서비스는 전적으로 귀하의 로컬 기기에서 작동합니다. 당사는 앱 사용으로부터 어떤 데이터도 수집, 저장 또는 전송하지 않습니다.","Perkhidmatan beroperasi sepenuhnya pada peranti tempatan anda. Kami tidak mengumpul, menyimpan atau menghantar sebarang data daripada penggunaan aplikasi anda.",ဝန်ဆောင်မှုသည် သင်၏ ဒေသတွင်းစက်ပစ္စည်းပေါ်တွင် လုံးဝ လုပ်ဆောင်သည်။ ကျွန်ုပ်တို့သည် အက်ပ်လီကေးရှင်း၏ သင်၏အသုံးပြုမှုမှ မည်သည့်ဒေတာကိုမျှ စုဆောင်းခြင်း၊ သိမ်းဆည်းခြင်း သို့မဟုတ် ပေးပို့ခြင်း မပြုလုပ်ပါ။,"De Service werkt volledig op uw lokale apparaat. Wij verzamelen, bewaren of verzenden geen gegevens van uw gebruik van de app.","Usługa działa w całości na Twoim urządzeniu lokalnym. Nie gromadzimy, nie przechowujemy ani nie przesyłamy żadnych danych z Twojego korzystania z aplikacji.","O Serviço opera inteiramente no seu dispositivo local. Não coletamos, armazenamos ou transmitimos quaisquer dados do seu uso do aplicativo.","Serviciul funcționează în întregime pe dispozitivul dvs. local. Nu colectăm, nu stocăm și nu transmitem niciun fel de date din utilizarea aplicației.","Сервис работает полностью на вашем локальном устройстве. Мы не собираем, не храним и не передаем никаких данных от использования вами приложения.","Usluga radi u potpunosti na vašem lokalnom uređaju. Ne prikupljamo, ne čuvamo niti ne prenasimo nikakve podatke iz vašeg korišćenja aplikacije.",บริการทำงานอย่างสมบูรณ์บนอุปกรณ์ในพื้นที่ของคุณ เราไม่รวบรวม จัดเก็บ หรือส่งข้อมูลใดๆ จากการใช้แอปของคุณ,"Hizmet tamamen yerel cihazınızda çalışır. Uygulamanın kullanımınızdan herhangi bir veri toplamaz, saklamaz veya iletmeyiz.","Xizmat butunlay mahalliy qurilmangizda ishlaydi. Biz ilovadan foydalanishingiz jarayonida hech qanday ma'lumotni to'plamaymiz, saqlamaymiz yoki uzatmaymiz.","Dịch Vụ hoạt động hoàn toàn trên thiết bị cục bộ của bạn. Chúng tôi không thu thập, lưu trữ hoặc truyền tải bất kỳ dữ liệu nào từ việc sử dụng ứng dụng của bạn.",该服务完全在您的本地设备上运行。我们不会收集、存储或传输您使用应用程序的任何数据。,服务完全在您的本地设备上运行。我们不会从您对应用程序的使用中收集、存储或传输任何数据。
terms_description_title,2. وصف الخدمة,২. সেবার বিবরণ,Beschreibung des Dienstes,2. Περιγραφή της Υπηρεσίας,2. Description of Service,Descripción del Servicio,۲. توضیح خدمات,Description du Service,2. תיאור השירות,2. सेवा का विवरण,2. A szolgáltatás leírása,2. Deskripsi Layanan,Descrizione del Servizio,サービスの説明,서비스 설명,2. Penerangan Perkhidmatan,၂။ ဝန်ဆောင်မှု ဖော်ပြချက်,2. Beschrijving van de Service,2. Opis Usługi,Descrição do Serviço,2. Descrierea Serviciului,2. Описание сервиса,2. Opis usluge,2. คำอธิบายบริการ,2. Hizmet Açıklaması,2. Xizmat Tavsifi,2. Mô Tả Dịch Vụ,服务说明,2. 服务描述
terms_disclaimer_1,"يتم تقديم الخدمة ""كما هي"" و ""كما هي متاحة"" دون ضمان من أي نوع. إلى أقصى حد يسمح به القانون المعمول به، تتنصل Piyuo صراحة من جميع الضمانات، سواء كانت صريحة أو ضمنية أو قانونية أو غير ذلك، فيما يتعلق بالخدمة، بما في ذلك جميع الضمانات الضمنية للقابلية للتسويق والملاءمة لغرض معين والملكية وعدم الانتهاك، والضمانات التي قد تنشأ من سير التعامل أو الأداء أو الاستخدام أو الممارسة التجارية.","সেবাটি ""যেমন আছে"" এবং ""যেমন উপলব্ধ"" কোনো ধরনের ওয়ারেন্টি ছাড়াই প্রদান করা হয়। প্রযোজ্য আইনের অনুমতিপ্রাপ্ত সর্বোচ্চ সীমা পর্যন্ত, পিয়ুও সেবার সম্পর্কে সমস্ত ওয়ারেন্টি, যা স্পষ্ট, অনুমানকৃত, বিধিবদ্ধ বা অন্যথায় হোক, সহ বাণিজ্যিকতা, নির্দিষ্ট উদ্দেশ্যের জন্য উপযুক্ততা, শিরোনাম এবং অ-লঙ্ঘনের সমস্ত অনুমানকৃত ওয়ারেন্টি স্পষ্টভাবে অস্বীকার করে।","Der Dienst wird ""wie besehen"" und ""wie verfügbar"" ohne Gewährleistung jeder Art bereitgestellt. Im maximal zulässigen Umfang nach geltendem Recht, einschließlich der DSGVO (Datenschutz-Grundverordnung) und des BDSG (Bundesdatenschutzgesetz), lehnt Piyuo ausdrücklich alle Gewährleistungen ab, ob ausdrücklich, stillschweigend, gesetzlich oder anderweitig, in Bezug auf den Dienst. Dies schließt alle stillschweigenden Gewährleistungen der Marktgängigkeit, Eignung für einen bestimmten Zweck, Titel und Nichtverletzung ein, soweit gesetzlich zulässig.","Η υπηρεσια παρεχεται ""ως εχει"" και ""ως διατιθεται"" χωρις εγγυηση οποιουδηποτε ειδους. στο μεγιστο βαθμο που επιτρεπεται απο το εφαρμοστεο δικαιο, η piyuo αποποιειται ρητα ολες τις εγγυησεις, ειτε ρητες, σιωπηρες, νομιμες η αλλες, σχετικα με την υπηρεσια.","The service is provided ""as is"" and ""as available"" without warranty of any kind. to the maximum extent permitted by applicable law, piyuo expressly disclaims all warranties, whether express, implied, statutory, or otherwise, with respect to the service, including all implied warranties of merchantability, fitness for a particular purpose, title, and non-infringement, and warranties that may arise out of course of dealing, course of performance, usage, or trade practice.","El servicio se proporciona ""tal como está"" y ""según disponibilidad"" sin garantía de ningún tipo. en la máxima medida permitida por la ley aplicable, piyuo renuncia expresamente a todas las garantías, ya sean expresas, implícitas, estatutarias o de otro tipo, con respecto al servicio.","خدمات ""همان‌طور که هست"" و ""در دسترس"" بدون هیچ‌گونه ضمانتی ارائه می‌شود. تا حداکثر حد مجاز توسط قانون قابل اجرا، piyuo صراحتاً از تمام ضمانت‌ها سلب مسئولیت می‌کند.","Le service est fourni « en l'état » et « tel que disponible » sans garantie d'aucune sorte. dans la mesure maximale permise par la loi applicable, piyuo décline expressément toutes les garanties, qu'elles soient expresses, implicites, légales ou autres, concernant le service, y compris toutes les garanties implicites de qualité marchande, d'adéquation à un usage particulier, de titre et de non-contrefaçon.","השירות מסופק ""כפי שהוא"" ו""כפי שזמין"" ללא אחריות מכל סוג. במידה המרבית המותרת על פי החוק החל, piyuo מתנער במפורש מכל האחריות, בין אם מפורשת, משתמעת, חוקית או אחרת.","सेवा ""जैसी है"" और ""जैसी उपलब्ध है"" के आधार पर किसी भी प्रकार की वारंटी के बिना प्रदान की जाती है। लागू कानून द्वारा अनुमतित अधिकतम सीमा तक, Piyuo सेवा के संबंध में सभी वारंटियों को स्पष्ट रूप से अस्वीकार करता है, चाहे वे स्पष्ट, निहित, वैधानिक या अन्य हों, जिसमें व्यापारिकता, किसी विशिष्ट उद्देश्य के लिए उपयुक्तता, शीर्षक और गैर-उल्लंघन की सभी निहित वारंटियां शामिल हैं।","A szolgáltatást ""jelen állapotában"" és ""ahogy elérhető"" biztosítjuk, mindenféle szavatosság nélkül. az alkalmazandó jog által megengedett legnagyobb mértékben a piyuo kifejezetten kizár minden szavatosságot, legyen az kifezett, vélelmezett, törvényi vagy egyéb, a szolgáltatással kapcsolatban, beleértve az eladhatóság, alkalmasság meghatározott célra, tulajdonjog és jogsértés elleni minden vélelmezett szavatosságot, valamint az üzletmenet, teljesítmény, használat vagy kereskedelmi gyakorlat során felmerülő szavatosságokat.","Layanan disediakan ""sebagaimana adanya"" dan ""sebagaimana tersedia"" tanpa jaminan apa pun. sejauh maksimum yang diizinkan oleh hukum yang berlaku, piyuo secara tegas menafikan semua jaminan, baik tersurat, tersirat, berdasarkan undang-undang, atau lainnya.","Il servizio è fornito ""così com'è"" e ""come disponibile"" senza garanzie di alcun tipo. nella massima misura consentita dalla legge applicabile, piyuo esclude espressamente tutte le garanzie, esplicite, implicite, legali o altre, riguardo al servizio, comprese tutte le garanzie implicite di commerciabilità, idoneità per un scopo particolare, titolo e non violazione.",サービスは「現状有姿」および「利用可能な状態」で、いかなる種類の保証もなく提供されます。適用法によって許可される最大限の範囲で、Piyuoは、サービスに関して、商品性、特定目的への適合性、権原、および非侵害のすべての黙示的保証を含む、明示的、黙示的、法定、またはその他のすべての保証を明示的に否認します。,"서비스는 어떤 종류의 보증도 없이 ""있는 그대로"" 및 ""사용 가능한 대로"" 제공됩니다. 적용법이 허용하는 최대 범위까지 Piyuo는 서비스와 관련하여 상품성, 특정 목적에의 적합성, 소유권 및 비침해에 대한 모든 묵시적 보증을 포함하여 명시적, 묵시적, 법정 또는 기타 모든 보증을 명시적으로 부인합니다.","Perkhidmatan disediakan ""sebagaimana adanya"" dan ""sebagaimana tersedia"" tanpa waranti apa pun. pada tahap maksimum yang dibenarkan oleh undang-undang yang berkenaan, piyuo secara nyata menafikan semua waranti, sama ada nyata, tersirat, berkanun atau sebaliknya, berkenaan dengan perkhidmatan, termasuk semua waranti tersirat kebolehpasaran, kesesuaian untuk tujuan tertentu, hak milik dan bukan pelanggaran, dan waranti yang mungkin timbul daripada perjalanan perniagaan, perjalanan prestasi, penggunaan atau amalan perdagangan.","ဝန်ဆောင်မှုကို ""ရှိသည့်အတိုင်း"" နှင့် ""ရရှိနိုင်သည့်အတိုင်း"" မည်သည့်အာမခံချက်မျှ မပါဘဲ ပေးအပ်သည်။ သက်ဆိုင်ရာဥပဒေမှ ခွင့်ပြုထားသည့် အမြင့်ဆုံးအတိုင်းအတာအထိ၊ piyuo သည် ဝန်ဆောင်မှုနှင့်ပတ်သက်၍ အာမခံချက်အားလုံးကို ရှင်းရှင်းလင်းလင်း ငြင်းပယ်သည်၊ ၎င်းတို့သည် ထင်ရှားသော၊ အကဲအငုံ၊ ဥပဒေဆိုင်ရာ သို့မဟုတ် အခြားမည်သည့်အရာပင်ဖြစ်စေ၊ ကုန်သွယ်နိုင်မှု၊ သီးခြားရည်ရွယ်ချက်အတွက် လိုက်ဖက်မှု၊ ခေါင်းစဉ်နှင့် ချိုးဖောက်မှုမရှိခြင်း၏ အကဲအငုံအာမခံချက်များအားလုံး၊ နှင့် လုပ်ငန်းပိုင်း၊ စွမ်းဆောင်ရည်ပိုင်း၊ အသုံးပြုမှု သို့မဟုတ် ကုန်သွယ်မှုအလေ့အကျင့်မှ ဖြစ်ပေါ်လာနိုင်သည့် အာမခံချက်များ ပါဝင်သည်။","De service wordt geleverd ""zoals het is"" en ""zoals beschikbaar"" zonder garantie van welke aard dan ook. voor zover maximaal toegestaan door de toepasselijke wet, wijst piyuo uitdrukkelijk alle garanties af, of deze nu uitdrukkelijk, impliciet, wettelijk of anderszins zijn, met betrekking tot de service, inclusief alle impliciete garanties van verkoopbaarheid, geschiktheid voor een bepaald doel, titel en niet-inbreuk.","Usługa jest świadczona ""takiej, jaka jest"" i ""zgodnie z dostępnością"" bez gwarancji jakiegokolwiek rodzaju. w maksymalnym zakresie dozwolonym przez obowiązujące prawo, piyuo wyraźnie wyłącza wszystkie gwarancje, czy to wyraźne, dorozumiane, ustawowe czy inne, w odniesieniu do usługi, w tym wszystkie dorozumiane gwarancje przydatności handlowej, przydatności do określonego celu, tytułu i nienaruszania, oraz gwarancje, które mogą wynikać z przebiegu transakcji, przebiegu wykonania, użytkowania lub praktyki handlowej.","O serviço é fornecido ""como está"" e ""conforme disponível"" sem garantia de qualquer tipo. Na máxima extensão permitida pela lei aplicável, incluindo a LGPD (Lei Geral de Proteção de Dados Pessoais), a Piyuo expressamente renuncia a todas as garantias, sejam expressas, implícitas, legais ou outras, com relação ao serviço. Isso inclui todas as garantias implícitas de comercialização, adequação a um propósito particular, título e não violação, conforme permitido por lei.","Serviciul este furnizat ""așază cum este"" și ""așază cum este disponibil"" fără garanție de orice fel. în măsura maximă permisă de legea aplicabilă, piyuo renunță expres la toate garanțiile, indiferent dacă sunt exprese, implicite, legale sau altfel, cu privire la serviciu, incluzând toate garanțiile implicite de comercializare, adecvare pentru un scop anume, titlu și neîncălcare, și garanțiile care pot rezulta din cursul afacerii, cursul performanței, utilizării sau practicii comerciale.","Сервис предоставляется ""как есть"" и ""как доступно"" без гарантий любого рода. в максимальной степени, разрешенной применимым законодательством, piyuo прямо отказывается от всех гарантий, будь то явные, подразумеваемые, установленные законом или иные, в отношении сервиса, включая все подразумеваемые гарантии товарности, пригодности для определенной цели, права собственности и ненарушения прав.","Usluga se pruža ""kakva jeste"" i ""kako je dostupna"" bez garancija bilo koje vrste. u najvećoj meri dozvoljenoj primenjivim zakonom, piyuo se izričito odriče svih garancija, bilo da su eksplicitne, implicitne, statutorne ili druge, u vezi sa uslugom, uključujući sve implicitne garancije tržišnosti, prikladnosti za određenu svrhu, vlasništva i nenarušavanja, i garancije koje mogu nastati iz toka poslovanja, toka izvršavanja, korišćenja ili trgovinske prakse.","บริการจัดให้ ""ตามสภาพที่เป็น"" และ ""ตามที่มีอยู่"" โดยไม่มีการรับประกันประเภทใดๆ ในขอบเขตสูงสุดที่กฎหมายที่บังคับใช้อนุญาต Piyuo ปฏิเสธการรับประกันทั้งหมดอย่างชัดแจ้ง ไม่ว่าจะเป็นแบบชัดแจ้ง นัยยะ ตามกฎหมาย หรืออื่นๆ เกี่ยวกับบริการ รวมถึงการรับประกันโดยนัยทั้งหมดของความสามารถในการขาย ความเหมาะสมสำหรับวัตถุประสงค์เฉพาะ สิทธิ์ และการไม่ละเมิด","Hi̇zmet ""olduğu gi̇bi̇"" ve ""mevcut olduğu şekli̇yle"" herhangi̇ bi̇r tür garanti̇ olmaksizin sağlanir. uygulanacak hukuk tarafindan i̇zi̇n veri̇len azami̇ ölçüde, piyuo hi̇zmetle i̇lgi̇li̇ açik, zimni̇, yasal veya di̇ğer tüm garanti̇leri̇, satilabi̇li̇rli̇k, beli̇rli̇ bi̇r amaca uygunluk, başlik ve i̇hlal etmeme i̇le i̇lgi̇li̇ tüm zimni̇ garanti̇ler dahi̇l olmak üzere açikça reddedi̇r.","Xizmat ""shunday"" va ""mavjud"" holatida har qanday kafolatsiz taqdim etiladi. qonun ruxsat bergan maksimal darajada, piyuo xizmat bilan bog'liq barcha kafolatlarni, aniq, nazarda tutilgan, qonuniy yoki boshqa kafolatlarni rasman rad etadi.","Dịch vụ được cung cấp ""như hiện tại"" và ""như có sẵn"" mà không có bảo hành dưới bất kỳ hình thức nào. trong phạm vi tối đa được pháp luật cho phép, piyuo rõ ràng từ chối tất cả bảo hành, dù là rõ ràng, ngụ ý, theo luật định hay khác, liên quan đến dịch vụ, bao gồm tất cả bảo hành ngụ ý về khả năng bán được, phù hợp cho mục đích cụ thể, quyền sở hữu và không vi phạm.","服务按""现状""和""可用""基础提供，不提供任何形式的保证。在适用法律允许的最大范围内，包括《个人信息保护法》(PIPL)和《网络安全法》，Piyuo明确否认关于服务的所有保证，无论是明示的、暗示的、法定的还是其他的。这包括所有关于适销性、特定用途适用性、所有权和非侵权的暗示保证，在法律允许的范围内。","服务按""现状""和""可用""基础提供，不提供任何形式的保证。在适用法律允许的最大范围内，Piyuo明确否认关于服务的所有保证，无论是明示的、暗示的、法定的还是其他的，包括所有关于适销性、特定用途适用性、所有权和非侵权的暗示保证。"
terms_disclaimer_2,دون تقييد ما سبق، لا تقدم Piyuo أي ضمان أو تعهد، ولا تقدم أي تمثيل من أي نوع بأن الخدمة ستلبي متطلباتك، أو تحقق أي نتائج مقصودة، أو تكون متوافقة أو تعمل مع أي برامج أو تطبيقات أو أنظمة أو خدمات أخرى، أو تعمل دون انقطاع، أو تلبي أي معايير أداء أو موثوقية، أو تكون خالية من الأخطاء، أو أن أي أخطاء أو عيوب يمكن أو سيتم تصحيحها.,"উপরোক্ত সীমাবদ্ধতা ছাড়াই, পিয়ুও কোনো ওয়ারেন্টি বা অঙ্গীকার প্রদান করে না এবং কোনো প্রকারের প্রতিনিধিত্ব করে না যে সেবাটি আপনার প্রয়োজনীয়তা পূরণ করবে, কোনো উদ্দিষ্ট ফলাফল অর্জন করবে, অন্য কোনো সফটওয়্যার, অ্যাপ্লিকেশন, সিস্টেম বা সেবার সাথে সামঞ্জস্যপূর্ণ বা কাজ করবে।","Piyuo übernimmt keine Verantwortung für Unterbrechungen, Verzögerungen oder Fehler im Dienst. Gemäß der DSGVO und dem deutschen Verbraucherschutzrecht behalten Verbraucher ihre gesetzlichen Rechte. Diese Haftungsausschlüsse gelten nur im gesetzlich zulässigen Umfang und berühren nicht die zwingenden Verbraucherschutzbestimmungen.","Χωρις περιορισμο στα προαναφερθεντα, η piyuo δεν παρεχει καμια εγγυηση η αναληψη υποχρεωσης και δεν κανει καμια δηλωση οποιουδηποτε ειδους οτι η υπηρεσια θα ικανοποιησει τις απαιτησεις σας.","Without limitation to the foregoing, piyuo provides no warranty or undertaking, and makes no representation of any kind that the service will meet your requirements, achieve any intended results, be compatible or work with any other software, applications, systems, or services, operate without interruption, meet any performance or reliability standards, or be error-free, or that any errors or defects can or will be corrected.","Sin limitación a lo anterior, piyuo no proporciona garantía o compromiso alguno, y no hace representación alguna de que el servicio cumplirá con sus requisitos, logrará resultados previstos, será compatible o funcionará con otro software, aplicaciones, sistemas o servicios.",بدون محدود کردن موارد فوق، piyuo هیچ ضمانت یا تعهدی ارائه نمی‌دهد و هیچ‌گونه نمایندگی نمی‌کند که خدمات نیازهای شما را برآورده کند.,"Sans limitation de ce qui précède, piyuo ne fournit aucune garantie ou engagement et ne fait aucune déclaration que le service répondra à vos exigences, atteindra les résultats escomptés, sera compatible ou fonctionnera avec d'autres logiciels, applications, systèmes ou services.","מבלי להגביל את האמור לעיל, piyuo לא מעניקה אחריות או התחייבות ולא מצהירה שהשירות יענה על הדרישות שלכם.","पूर्वगामी की सीमा के बिना, Piyuo कोई वारंटी या प्रतिबद्धता प्रदान नहीं करता है और किसी भी प्रकार का कोई प्रतिनिधित्व नहीं करता है कि सेवा आपकी आवश्यकताओं को पूरा करेगी, इच्छित परिणाम प्राप्त करेगी, किसी अन्य सॉफ्टवेयर, एप्लिकेशन, सिस्टम या सेवाओं के साथ संगत होगी या काम करेगी।","A fentiek korlátozása nélkül a piyuo nem nyújt semmiféle szavatosságot vagy kötelezettségvállalást, és nem tesz semmiféle kijelentést arról, hogy a szolgáltatás megfelel az ön követelményeinek, eléri a kívánt eredményeket, kompatibilis vagy működik bármely más szoftverrel, alkalmazásokkal, rendszerekkel vagy szolgáltatásokkal, megszakítás nélkül működik, megfelel bármely teljesítményi vagy megbízhatósági szabványnak, vagy hibamentes, vagy hogy bármely hibát vagy hiányosságot ki lehet vagy ki fognak javítani.","Tanpa pembatasan pada hal-hal di atas, piyuo tidak memberikan jaminan atau jaminan dan tidak membuat pernyataan apa pun bahwa layanan akan memenuhi persyaratan anda.","Senza limitazione a quanto sopra, piyuo non fornisce alcuna garanzia o impegno e non fa alcuna rappresentazione che il servizio soddisferà i tuoi requisiti, raggiungerà risultati previsti, sarà compatibile o funzionerà con altri software, applicazioni, sistemi o servizi.",前述に限定されることなく、Piyuoは、サービスがお客様の要件を満たし、意図された結果を達成し、他のソフトウェア、アプリケーション、システム、またはサービスと互換性があるか連携すること、中断なく動作し、パフォーマンスや信頼性の基準を満たし、エラーがないこと、またはエラーや欠陥が修正できる、または修正されることについて、いかなる保証も提供せず、いかなる表明も行いません。,"전술한 내용에 제한되지 않고 Piyuo는 서비스가 귀하의 요구사항을 충족하고, 의도된 결과를 달성하며, 다른 소프트웨어, 애플리케이션, 시스템 또는 서비스와 호환되거나 작동하고, 중단 없이 작동하며, 성능 또는 신뢰성 기준을 충족하거나 오류가 없거나 오류나 결함이 수정될 수 있거나 수정될 것이라는 어떤 보증이나 약속도 제공하지 않으며 어떤 표현도 하지 않습니다.","Tanpa mengehadkan yang disebutkan di atas, piyuo tidak memberikan sebarang waranti atau jaminan, dan tidak membuat sebarang representasi bahawa perkhidmatan akan memenuhi keperluan anda, mencapai sebarang hasil yang dimaksudkan, serasi atau berfungsi dengan apa-apa perisian, aplikasi, sistem atau perkhidmatan lain, beroperasi tanpa gangguan, memenuhi sebarang standard prestasi atau kebolehpercayaan, atau bebas ralat, atau bahawa sebarang ralat atau kecacatan boleh atau akan dibetulkan.",အထက်ပါအရာများကို ကန့်သတ်ခြင်းမရှိဘဲ၊ piyuo သည် မည်သည့်အာမခံချက် သို့မဟုတ် ကတိကဝတ်မျှ မပေးပါ၊ နှင့် ဝန်ဆောင်မှုသည် သင်၏လိုအပ်ချက်များကို ဖြည့်ဆည်းပေးမည်၊ မည်သည့်ရည်ရွယ်ထားသော ရလဒ်များကို အောင်မြင်မည်၊ အခြားမည်သည့် ဆော့ဖ်ဝဲ၊ အက်ပ်လီကေးရှင်းများ၊ စနစ်များ သို့မဟုတ် ဝန်ဆောင်မှုများနှင့် လိုက်ဖက်မည် သို့မဟုတ် လုပ်ဆောင်မည်၊ အနှောင့်အယှက်မရှိဘဲ လုပ်ဆောင်မည်၊ မည်သည့် စွမ်းဆောင်ရည် သို့မဟုတ် ယုံကြည်စိတ်ချရမှု စံချိန်စံညွှန်းများကို လိုက်နာမည်၊ သို့မဟုတ် အမှားအယွင်းကင်းမည်၊ သို့မဟုတ် မည်သည့် အမှားအယွင်းများ သို့မဟုတ် ချို့ယွင်းချက်များကို ပြင်ဆင်နိုင်မည် သို့မဟုတ် ပြင်ဆင်မည်ဟု မည်သည့်ကိုယ်စားပြုမှုမျှ မပြုလုပ်ပါ။,"Zonder beperking van het voorgaande, biedt piyuo geen garantie of verbintenis en doet geen enkele verklaring dat de service aan uw vereisten zal voldoen, beoogde resultaten zal bereiken, compatibel zal zijn of zal werken met andere software, toepassingen, systemen of services.","Bez ograniczenia powyższego, piyuo nie udziela żadnej gwarancji ani zobowiązania i nie składa żadnych oświadczeń, że usługa spełni twoje wymagania, osiągnie zamierzone wyniki, będzie kompatybilna lub będzie działać z jakimkolwiek innym oprogramowaniem, aplikacjami, systemami lub usługami, będzie działać bez przerwań, spełni standardy wydajności lub niezawodności, lub będzie wolna od błędów, lub że jakiekolwiek błędy lub wady mogą lub zostaną naprawione.","A Piyuo não assume responsabilidade por interrupções, atrasos ou erros no serviço. Em conformidade com a LGPD e o Código de Defesa do Consumidor brasileiro, os consumidores mantêm seus direitos legais. Estes avisos de isenção de responsabilidade aplicam-se apenas na medida permitida por lei e não afetam as disposições obrigatórias de proteção ao consumidor.","Fără limitare la cele de mai sus, piyuo nu oferă nicio garanție sau angajament și nu face nicio reprezentare că serviciul va îndeplini cerințele dvs., va atinge orice rezultate intenționate, va fi compatibil sau va funcționa cu orice alt software, aplicații, sisteme sau servicii, va funcționa fără întrerupere, va îndeplini orice standarde de performanță sau fiabilitate, sau va fi fără erori, sau că orice erori sau defecte pot sau vor fi corectate.","Без ограничения вышесказанного, piyuo не предоставляет никаких гарантий или обязательств и не делает никаких заявлений о том, что сервис будет соответствовать вашим требованиям, достигнет намеченных результатов, будет совместим или работать с любым другим программным обеспечением, приложениями, системами или сервисами.","Bez ograničavanja navedenog, piyuo ne pruža nikakvu garanciju ili obavezu i ne daje nikakve izjave da će usluga ispuniti vaše zahteve, postići bilo koje namenjene rezultate, biti kompatibilna ili raditi sa bilo kojim drugim softverom, aplikacijama, sistemima ili uslugama, raditi bez prekida, ispuniti standarde performansi ili pouzdanosti, ili biti bez grešaka, ili da se bilo koje greške ili nedostaci mogu ili će biti ispravljen.",โดยไม่จำกัดสิ่งที่กล่าวข้างต้น Piyuo ไม่ให้การรับประกันหรือพันธกรณีใดๆ และไม่ได้แสดงข้อความใดๆ ว่าบริการจะตอบสนองความต้องการของคุณ บรรลุผลลัพธ์ที่ตั้งใจไว้ เข้ากันได้หรือทำงานร่วมกับซอฟต์แวร์ แอปพลิเคชัน ระบบ หรือบริการอื่นๆ,"ÖNCEKİLERLE SINIRLI OLMAKSIZIN, PIYUO HİZMETİN GEREKSİNİMLERİNİZİ KARŞILAYACAĞI, AMAÇLANAN SONUÇLARI ELDE EDECEĞİ, DİĞER YAZILIM, UYGULAMA, SİSTEM VEYA HİZMETLERLE UYUMLU OLACAĞI VEYA ÇALIŞACAĞI KONUSUNDa HERHANGİ BİR GARANTİ VEYA TAAHHÜT VERMEZ VE HERHANGİ BİR BEYANDA BULUNMAZ.","Yuqoridagilarga cheklov qoymasdan, piyuo hech qanday kafolat yoki majburiyat bermaydi va xizmat sizning talablaringizni qondiradi, maqsadli natijalarga erishadi yoki boshqa dasturlar bilan ishlaydi degan hech qanday tushuntirish bermaydi.","Không giới hạn những điều nói trên, piyuo không cung cấp bảo hành hoặc cam kết và không đưa ra bất kỳ tuyên bố nào rằng dịch vụ sẽ đáp ứng yêu cầu của bạn, đạt được kết quả dự định, tương thích hoặc hoạt động với bất kỳ phần mềm, ứng dụng, hệ thống hoặc dịch vụ khác.",Piyuo对服务中的中断、延迟或错误不承担责任。根据《个人信息保护法》和中国消费者保护法，消费者保留其法定权利。这些免责声明仅在法律允许的范围内适用，不影响强制性消费者保护规定。,在不限制前述内容的情况下，Piyuo不提供任何保证或承诺，并且不作任何形式的声明，即服务将满足您的要求、实现任何预期结果、与任何其他软件、应用程序、系统或服务兼容或一起工作、不间断运行、满足任何性能或可靠性标准或无错误，或者任何错误或缺陷可以或将被纠正。
terms_disclaimer_3,نحن لا نضمن دقة أو اكتمال أو موثوقية أي بيانات أو نتائج تم الحصول عليها من خلال استخدام التطبيق (مثل عدد المشاة). التطبيق هو أداة، وقد يتأثر ناتجه بعوامل مختلفة بما في ذلك جودة الكاميرا وظروف الإضاءة والعوائق وقيود الخوارزمية.,"আমরা অ্যাপের ব্যবহারের মাধ্যমে প্রাপ্ত কোনো ডেটা বা ফলাফলের (যেমন পথচারীর সংখ্যা) নির্ভুলতা, সম্পূর্ণতা বা নির্ভরযোগ্যতার গ্যারান্টি দিই না। অ্যাপটি একটি টুল, এবং এর আউটপুট ক্যামেরার গুণমান, আলোর অবস্থা, বাধা এবং অ্যালগরিদমের সীমাবদ্ধতা সহ বিভিন্ন কারণ দ্বারা প্রভাবিত হতে পারে।","Wir garantieren nicht die genauigkeit, vollständigkeit oder zuverlässigkeit von daten oder ergebnissen, die durch die nutzung der app erhalten werden (wie fussngängerzählungen). die app ist ein werkzeug, und ihre ausgabe kann durch verschiedene faktoren beeinflusst werden, einschliesslich kameraqualität, beleuchtungsbedingungen, hindernissen und algorithmusbeschränkungen.","Δεν εγγυομαστε την ακριβεια, πληροτητα η αξιοπιστια οποιωνδηποτε δεδομενων η αποτελεσματων που ληφθηκαν μεσω της χρησης της εφαρμογης.","We do not guarantee the accuracy, completeness, or reliability of any data or results obtained through the use of the app (such as pedestrian counts). the app is a tool, and its output may be affected by various factors including camera quality, lighting conditions, obstructions, and the algorithm's limitations.","No garantizamos la precisión, integridad o confiabilidad de cualquier dato o resultado obtenido a través del uso de la aplicación (como conteos de peatones). la aplicación es una herramienta, y su salida puede verse afectada por varios factores incluyendo la calidad de la cámara, condiciones de iluminación, obstrucciones y limitaciones del algoritmo.",ما دقت، کامل بودن یا قابلیت اعتماد هیچ داده یا نتیجه‌ای که از طریق استفاده از اپلیکیشن (مانند شمارش عابران پیاده) به دست آمده تضمین نمی‌کنیم.,"Nous ne garantissons pas l'exactitude, l'exhaustivité ou la fiabilité des données ou résultats obtenus grâce à l'utilisation de l'application. l'application est un outil, et sa sortie peut être affectée par divers facteurs y compris la qualité de la caméra, les conditions d'éclairage et les limitations de l'algorithme.","אנחנו לא מבטיחים את הדיוק, השלמות או האמינות של כל נתון או תוצאה שהושגו באמצעות השימוש באפליקציה (כמו ספירת הולכי רגל).","हम ऐप के उपयोग के माध्यम से प्राप्त किसी भी डेटा या परिणाम की सटीकता, पूर्णता या विश्वसनीयता की गारंटी नहीं देते हैं। ऐप एक उपकरण है और इसका आउटपुट कैमरा गुणवत्ता, प्रकाश स्थितियों और एल्गोरिदम की सीमाओं सहित विभिन्न कारकों से प्रभावित हो सकता है।","Nem garantáljuk az alkalmazás használatával kapott adatok vagy eredmények (mint például a gyalogosszámlálás) pontosságát, teljességét vagy megbízhatóságát. az alkalmazás egy eszköz, és a kimenete különböző tényezők hatására változhat, beleértve a kamera minőségét, a világítási viszonyokat, akadályokat és az algoritmus korlátait.","Kami tidak menjamin keakuratan, kelengkapan, atau keandalan data atau hasil apa pun yang diperoleh melalui penggunaan aplikasi (seperti penghitungan pejalan kaki).","Non garantiamo l'accuratezza, completezza o affidabilità di qualsiasi dato o risultato ottenuto attraverso l'uso dell'app. l'app è uno strumento e il suo output può essere influenzato da vari fattori inclusa la qualità della fotocamera, le condizioni di illuminazione e le limitazioni dell'algoritmo.",当社は、アプリの使用を通じて取得されたデータや結果の正確性、完全性、または信頼性を保証いたしません。アプリはツールであり、その出力は、カメラの品質、照明条件、遮蔽物、およびアルゴリズムの制限を含む様々な要因によって影響を受ける可能性があります。,"당사는 앱 사용을 통해 얻은 데이터나 결과의 정확성, 완전성 또는 신뢰성을 보장하지 않습니다. 앱은 도구이며 그 출력은 카메라 품질, 조명 조건, 장애물 및 알고리즘의 한계를 포함한 다양한 요인에 의해 영향을 받을 수 있습니다.","Kami tidak menjamin ketepatan, kelengkapan atau kebolehpercayaan sebarang data atau hasil yang diperoleh melalui penggunaan aplikasi (seperti kiraan pejalan kaki). aplikasi ini adalah alat, dan outputnya mungkin dipengaruhi oleh pelbagai faktor termasuk kualiti kamera, keadaan pencahayaan, halangan dan batasan algoritma.",ကျွန်ုပ်တို့သည် အက်ပ်လီကေးရှင်းအသုံးပြုမှုမှတစ်ဆင့် ရရှိသည့် မည်သည့်ဒေတာ သို့မဟုတ် ရလဒ်များ (လမ်းလျှောက်သူများ ရေတွက်မှုကဲ့သို့) ၏ တိကျမှု၊ ပြည့်စုံမှု သို့မဟုတ် ယုံကြည်စိတ်ချရမှုကို အာမခံမပေးပါ။ အက်ပ်လီကေးရှင်းသည် ကိရိယာတစ်ခုဖြစ်ပြီး၊ ၎င်း၏ ရလဒ်သည် ကင်မရာအရည်အသွေး၊ အလင်းရောင်အခြေအနေများ၊ အတားအဆီးများ နှင့် အယ်လဂိုရီသမ်၏ ကန့်သတ်ချက်များ အပါအဝင် အမျိုးမျိုးသော အချက်များက သက်ရောက်မှုရှိနိုင်သည်။,"Wij garanderen niet de nauwkeurigheid, volledigheid of betrouwbaarheid van gegevens of resultaten verkregen door het gebruik van de app. de app is een hulpmiddel en de output kan worden beïnvloed door verschillende factoren waaronder camerakwaliteit, lichtomstandigheden en algoritme beperkingen.","Nie gwarantujemy dokładności, kompletności lub niezawodności jakichkolwiek danych lub wyników uzyskanych poprzez korzystanie z aplikacji (takich jak liczba pieszych). aplikacja jest narzędziem, a jego wyniki mogą być wpływane przez różne czynniki, w tym jakość kamery, warunki oświetleniowe, przeszkody i ograniczenia algorytmu.","Não garantimos a precisão, completude ou confiabilidade de quaisquer dados ou resultados obtidos através do uso do aplicativo. o aplicativo é uma ferramenta e sua saída pode ser afetada por vários fatores incluindo qualidade da câmera, condições de iluminação e limitações do algoritmo.","Nu garantăm acuratețea, completitudinea sau fiabilitatea oricăror date sau rezultate obținute prin utilizarea aplicației (cum ar fi numărarea pietonilor). aplicația este un instrument, iar rezultatele sale pot fi afectate de diverși factori incluzând calitatea camerei, condițiile de iluminare, obstacolele și limitările algoritmului.","Мы не гарантируем точность, полноту или надежность любых данных или результатов, полученных через использование приложения. приложение является инструментом, и его выходные данные могут быть затронуты различными факторами, включая качество камеры, условия освещения и ограничения алгоритма.","Ne garantujemo tačnost, potpunost ili pouzdanost bilo kojih podataka ili rezultata dobijenih kroz korišćenje aplikacije (kao što su brojevi pešaka). aplikacija je alat i njeni rezultati mogu biti uticani raznim faktorima uključujući kvalitet kamere, svetlosne uslove, prepreke i ograničenja algoritma.",เราไม่รับประกันความถูกต้อง ความสมบูรณ์ หรือความน่าเชื่อถือของข้อมูลหรือผลลัพธ์ใดๆ ที่ได้รับผ่านการใช้แอป แอปเป็นเครื่องมือและผลลัพธ์อาจได้รับผลกระทบจากปัจจัยต่างๆ รวมถึงคุณภาพกล้อง สภาพแสง และข้อจำกัดของอัลกอริทึม,"UYGULAMA KULLANIMI YOLUYLa ELDE EDİLEN HERHANGİ BİR VERİ VEYA SONUCUN DOĞRULUĞU, EKSİKSİZLİĞİ VEYA GÜVENİLİRLİĞİNİ GARANTİ ETMİYORUZ. UYGULAMA BİR ARAÇTIR VE ÇIKTISI KAMERA KALİTESİ, AYDINLATMA KOŞULLARI VE ALGORİTMA SINIRLILIKLARI DAHİL ÇEŞİTLİ FAKTÖRLERDEN ETKİLENEBİLİR.","Biz ilova orqali olingan ma'lumotlar yoki natijalarning aniqligi, to'liqligi yoki ishonchliligiga kafolat bermaymiz. ilova vosita hisoblanadi va uning chiqishi turli omillar bilan ta'sirlanishi mumkin.","CHÚNG TÔI KHÔNG BẢO HÀNH ĐỘ CHÍNH XÁC, TÍNH ĐẦY ĐỦ HOẶC ĐỘ TIN CẬY CỦA BẤT KỲ DỮ LIỆU HOẶC KẾT QUẢ NÀO THU ĐƯỢC THÔNG QUA VIỆC SỬ DỤNG ỨNG DỤNG. ỨNG DỤNG LÀ MỘT CÔNG CỤ VÀ ĐẦU RA CỦA NÓ CÓ THỂ BỊ ẢNH HƯỞNG BỞI NHIỀU YẾU TỐ KHÁC NHAU BAO GỒM CHẤT LƯỢNG CAMERA, ĐIỀU KIỆN Ánh SÁNG VÀ GIỚI HẠN CỦA THUẬT TOÁN.",我们不保证通过使用应用程序获得的任何数据或结果的准确性、完整性或可靠性。该应用程序是一个工具，其输出可能会受到各种因素的影响，包括相机质量、照明条件、障碍物和算法限制。,我们不保证通过使用应用程序获得的任何数据或结果的准确性、完整性或可靠性。应用程序是一个工具，其输出可能受到各种因素的影响，包括摄像头质量、照明条件、遮挡物和算法的限制。
terms_disclaimer_title,6. إخلاء المسؤولية عن الضمانات,৬. ওয়ারেন্টি অস্বীকৃতি,6. Gewährleistungsausschluss,6. Αποποίηση Εγγυήσεων,6. Disclaimer of Warranties,6. Exención de Garantías,۶. سلب مسئولیت از ضمانت‌ها,6. Avis de non-responsabilité,6. כתב ויתור על אחריות,6. वारंटी का अस्वीकरण,6. Szavatosság kizárása,6. Penafian Jaminan,6. Esclusione di Garanzie,6. 保証の免責,6. 보증 부인,6. Penafian Waranti,၆။ အာမခံချက်များ ငြင်းပယ်ခြင်း,6. Uitsluiting van Garanties,6. Wyłączenie Gwarancji,6. Isenção de Garantias,6. Renunțarea la Garanții,6. Отказ от гарантий,6. Odricanje garancija,6. การปฏิเสธการรับประกัน,6. Garanti Reddi,6. Kafolatlardan Voz Kechish,6. Từ Chối Bảo Hành,6. 免责声明,6. 免责声明
terms_effective_date,تاريخ السريان: 12 أبريل 2025,কার্যকর তারিখ: ১২ এপ্রিল ২০২৫,Wirksamkeitsdatum: 12. April 2025,Ημερομηνία Ισχύος: 12 Απριλίου 2025,"Effective Date: April 12, 2025",Fecha de Vigencia: 12 de abril de 2025,تاریخ اجرا: ۱۲ آوریل ۲۰۲۵,Date d'entrée en vigueur : 12 avril 2025,תאריך תחילה: 12 באפריל 2025,प्रभावी तिथि: 12 अप्रैल 2025,Hatályos: 2025. április 12.,Tanggal Berlaku: 12 April 2025,Data di Entrata in Vigore: 12 aprile 2025,発効日：2025年4月12日,시행일: 2025년 4월 12일,Tarikh Berkuat Kuasa: 12 April 2025,အသက်ဝင်သည့်ရက်စွဲ: ၂၀၂၅ ခုနှစ် ဧပြီလ ၁၂ ရက်,Ingangsdatum: 12 april 2025,Data wejścia w życie: 12 kwietnia 2025,Data de Vigência: 12 de abril de 2025,Data intrării în vigoare: 12 aprilie 2025,Дата вступления в силу: 12 апреля 2025 г.,Datum stupanja na snagu: 12. april 2025.,วันที่มีผลบังคับใช้: 12 เมษายน 2025,Yürürlük Tarihi: 12 Nisan 2025,Kuchga kirish sanasi: 2025-yil 12-aprel,"Ngày Có Hiệu Lực: 12 tháng 4, 2025",生效日期：2025年4月12日,生效日期：2025年4月12日
terms_entire,تشكل هذه الشروط، مع سياسة الخصوصية الخاصة بنا (المتاحة على {privacy_link})، الاتفاقية الكاملة بينك وبين Piyuo فيما يتعلق بالخدمة وتحل محل جميع التفاهمات والاتفاقيات والتمثيلات والضمانات السابقة والمتزامنة، المكتوبة والشفوية، فيما يتعلق بالخدمة.,"এই শর্তাবলী, আমাদের গোপনীয়তা নীতি ({privacy_link} এ উপলব্ধ) সহ, সেবার বিষয়ে আপনার এবং পিয়ুওর মধ্যে সম্পূর্ণ চুক্তি গঠন করে এবং সেবার বিষয়ে সমস্ত পূর্ববর্তী এবং সমসাময়িক বোঝাপড়া, চুক্তি, প্রতিনিধিত্ব এবং ওয়ারেন্টি, লিখিত এবং মৌখিক উভয়ই, প্রতিস্থাপন করে।","Diese Bedingungen bilden zusammen mit unserer Datenschutzrichtlinie (verfügbar unter {privacy_link}) die vollständige Vereinbarung zwischen Ihnen und Piyuo bezüglich des Dienstes und ersetzen alle vorherigen und gleichzeitigen Verständnisse, Vereinbarungen, Darstellungen und Gewährleistungen, sowohl schriftlich als auch mündlich, bezüglich des Dienstes.","Αυτοί οι Όροι, μαζί με την Πολιτική Απορρήτου μας (διαθέσιμη στο {privacy_link}), αποτελούν την πλήρη συμφωνία μεταξύ σας και της Piyuo.","These Terms, together with our Privacy Policy (available at {privacy_link}), constitute the entire agreement between you and Piyuo regarding the Service and supersede all prior and contemporaneous understandings, agreements, representations, and warranties, both written and oral, regarding the Service.","Estos Términos, junto con nuestra Política de Privacidad (disponible en {privacy_link}), constituyen el acuerdo completo entre usted y Piyuo con respecto al Servicio.",این شرایط همراه با سیاست حریم خصوصی ما (در دسترس در {privacy_link}) توافق کاملی بین شما و Piyuo تشکیل می‌دهد.,"Ces Conditions, ainsi que notre Politique de confidentialité, constituent l'accord complet entre vous et Piyuo concernant le Service et remplacent tous les accords, représentations et garanties antérieurs et contemporains, écrits et oraux, concernant le Service.","התנאים הללו, יחד עם מדיניות הפרטיות שלנו (זמינה ב-{privacy_link}), מהווים את ההסכם המלא בינכם לבין Piyuo.","ये शर्तें, हमारी गोपनीयता नीति के साथ मिलकर, सेवा के संबंध में आपके और Piyuo के बीच संपूर्ण समझौते का गठन करती हैं और सेवा के संबंध में सभी पूर्व और समसामयिक समझ, समझौते, प्रतिनिधित्व और वारंटी, लिखित और मौखिक दोनों को प्रतिस्थापित करती हैं।","Ezek a Feltételek az Adatvédelmi szabályzatunkkal együtt ({privacy_link} címen elérhető) alkotják az Ön és a Piyuo között a Szolgáltatással kapcsolatos teljes megállapodást, és helyettesíti a Szolgáltatással kapcsolatos összes korábbi és egyidejű megértést, megállapodást, kijelentést és szavatosságot, mind írásos, mind szóbeli formában.","Syarat ini, bersama dengan Kebijakan Privasi kami (tersedia di {privacy_link}), merupakan perjanjian lengkap antara Anda dan Piyuo.","Questi Termini, insieme alla nostra Informativa sulla Privacy, costituiscono l'accordo completo tra te e Piyuo riguardo al Servizio e sostituiscono tutti gli accordi, rappresentazioni e garanzie precedenti e contemporanei, scritti e orali, riguardo al Servizio.",これらの規約は、当社のプライバシーポリシーと併せて、サービスに関するお客様とPiyuo間の完全な合意を構成し、サービスに関するすべての以前および同時の理解、合意、表明、および保証（書面および口頭）に優先します。,"본 약관은 당사의 개인정보 보호정책과 함께 서비스에 관한 귀하와 Piyuo 간의 완전한 합의를 구성하며 서비스에 관한 모든 이전 및 동시의 이해, 합의, 진술 및 보증(서면 및 구두)을 대체합니다.","Syarat ini, bersama-sama dengan Dasar Privasi kami (tersedia di {privacy_link}), membentuk keseluruhan perjanjian antara anda dan Piyuo berkenaan dengan Perkhidmatan dan menggantikan semua persefahaman, perjanjian, representasi dan waranti terdahulu dan kontemporari, baik bertulis mahupun lisan, berkenaan dengan Perkhidmatan.",ဤစည်းမျဉ်းများသည် ကျွန်ုပ်တို့၏ ကိုယ်ရေးကိုယ်တာမူဝါဒ ({privacy_link} တွင် ရရှိနိုင်သည်) နှင့်အတူ ဝန်ဆောင်မှုနှင့်ပတ်သက်၍ သင်နှင့် Piyuo အကြား အပြည့်အစုံ သဘောတူညီချက်ကို ဖွဲ့စည်းသည်ပြီး ဝန်ဆောင်မှုနှင့်ပတ်သက်သည့် ယခင်နှင့် လက်ရှိ နားလည်မှုများ၊ သဘောတူညီချက်များ၊ ကိုယ်စားပြုမှုများနှင့် အာမခံချက်များ၊ စာရေးသားဖြင့်ဖြစ်စေ စကားလုံးဖြင့်ဖြစ်စေ အားလုံးကို အစားထိုးသည်။,"Deze Voorwaarden, samen met ons Privacybeleid, vormen de volledige overeenkomst tussen u en Piyuo betreffende de Service en vervangen alle eerdere en gelijktijdige begrippen, overeenkomsten, verklaringen en garanties, zowel schriftelijk als mondeling, betreffende de Service.","Niniejszy Regulamin, wraz z naszą Polityką Prywatności (dostępną pod adresem {privacy_link}), stanowi całość umowy między Tobą a Piyuo dotyczącą Usługi i zastępuje wszystkie wcześniejsze i współczesne porozumienia, umowy, oświadczenia i gwarancje, zarówno pisemne, jak i ustne, dotyczące Usługi.","Estes Termos, juntamente com nossa Política de Privacidade, constituem o acordo completo entre você e a Piyuo em relação ao Serviço e substituem todos os entendimentos, acordos, representações e garantias anteriores e contemporâneos, escritos e orais, em relação ao Serviço.","Acești Termeni, împreună cu Politica noastră de Confidențialitate (disponibilă la {privacy_link}), constituie acordul integral între dvs. și Piyuo cu privire la Serviciu și înlocuiește toate înțelegerile, acordurile, reprezentările și garanțiile anterioare și contemporane, atât scrise, cât și orale, cu privire la Serviciu.","Эти Условия вместе с нашей Политикой конфиденциальности составляют полное соглашение между вами и Piyuo относительно Сервиса и заменяют все предыдущие и одновременные понимания, соглашения, представления и гарантии, как письменные, так и устные, относительно Сервиса.","Ovi Uslovi, zajedno sa našom Politikom privatnosti (dostupna na {privacy_link}), čine ceo sporazum između vas i Piyuo u vezi sa Uslugom i zamenjuje sva prethodna i istovremena razumevanja, sporazume, predstavljanja i garancije, i pisane i usmene, u vezi sa Uslugom.",ข้อกำหนดเหล่านี้ร่วมกับนโยบายความเป็นส่วนตัวของเรา ถือเป็นข้อตกลงทั้งหมดระหว่างคุณและ Piyuo เกี่ยวกับบริการ และแทนที่ความเข้าใจ ข้อตกลง การแสดง และการรับประกันก่อนหน้าและร่วมสมัยทั้งหมด ทั้งที่เป็นลายลักษณ์อักษรและด้วยวาจา เกี่ยวกับบริการ,"Bu Şartlar, Gizlilik Politikamızla birlikte, Hizmetle ilgili sizinle Piyuo arasındaki tam anlaşmayı oluşturur ve Hizmetle ilgili önceki ve eşzamanlı anlayış, anlaşma, beyan ve garantilerin tümünü, yazılı ve sözlü olanları da dahil olmak üzere yerine geçer.","Ushbu Shartlar, bizning Maxfiylik Siyosatimiz ({privacy_link} da mavjud) bilan birga, Xizmat bo'yicha siz va Piyuo o'rtasidagi to'liq shartnomani tashkil etadi.","Các Điều Khoản này, cùng với Chính Sách Quyền Riêng Tư của chúng tôi, cấu thành thỏa thuận toàn bộ giữa bạn và Piyuo liên quan đến Dịch Vụ và thay thế tất cả các hiểu biết, thỏa thuận, tuyên bố và bảo hành trước đó và đồng thời, cả bằng văn bản và bằng lời nói, liên quan đến Dịch Vụ.",这些条款连同我们的隐私政策（可在 {privacy_link} 获取）构成您与 Piyuo 就服务达成的完整协议。,这些条款连同我们的隐私政策构成您与Piyuo就服务达成的完整协议，并取代关于服务的所有先前和同时的理解、协议、陈述和保证，无论是书面的还是口头的。
terms_entire_title,12. الاتفاقية الكاملة,১২. সম্পূর্ণ চুক্তি,12. Vollständige Vereinbarung,12. Πλήρης Συμφωνία,12. Entire Agreement,12. Acuerdo Completo,۱۲. توافق کامل,12. Accord complet,12. הסכם שלם,12. संपूर्ण समझौता,12. Teljes megállapodás,12. Perjanjian Keseluruhan,12. Accordo Completo,12. 完全合意,12. 완전한 합의,12. Keseluruhan Perjanjian,၁၂။ အပြည့်အစုံ သဘောတူညီချက်,12. Volledige Overeenkomst,12. Całość Umowy,12. Acordo Completo,12. Acordul Integral,12. Полное соглашение,12. Ceo sporazum,12. ข้อตกลงทั้งหมด,12. Tam Anlaşma,12. To'liq Shartnoma,12. Thỏa Thuận Toàn Bộ,12. 完整协议,12. 完整协议
terms_governing,تحكم هذه الشروط وتفسر وفقاً لقوانين ولاية كاليفورنيا، الولايات المتحدة، دون اعتبار لمبادئ تعارض القوانين. (ملاحظة: استشر محامياً لتأكيد ما إذا كانت هذه هي الولاية القضائية المناسبة لك).,"এই শর্তাবলী ক্যালিফোর্নিয়া রাজ্যের, মার্কিন যুক্তরাষ্ট্রের আইনের অধীনে পরিচালিত এবং ব্যাখ্যা করা হবে, আইনের বিরোধের নীতিগুলি বিবেচনা না করে। (নোট: এটি আপনার জন্য উপযুক্ত এখতিয়ার কিনা তা নিশ্চিত করতে একজন আইনজীবীর সাথে পরামর্শ করুন)।","Diese Bedingungen unterliegen den Gesetzen des Staates Kalifornien, Vereinigte Staaten, und werden entsprechend ausgelegt, ohne Rücksicht auf dessen Kollisionsrechtsprinzipien. (Hinweis: Konsultieren Sie einen Anwalt, um zu bestätigen, ob dies die angemessene Gerichtsbarkeit für Sie ist).","Αυτοί οι Όροι θα διέπονται και θα ερμηνεύονται σύμφωνα με τους νόμους της Πολιτείας της Καλιφόρνια, Ηνωμένες Πολιτείες.","These Terms shall be governed by and construed in accordance with the laws of the State of California, United States, without regard to its conflict of law principles. (Note: Consult a lawyer to confirm if this is the appropriate jurisdiction for you).","Estos Términos se regirán e interpretarán de acuerdo con las leyes del Estado de California, Estados Unidos.",این شرایط تحت قوانین ایالت کالیفرنیا، ایالات متحده آمریکا اداره و تفسیر می‌شود.,"Ces Conditions seront régies et interprétées conformément aux lois de l'État de Californie, États-Unis, sans égard à ses principes de conflit de lois.","התנאים הללו יישלטו ויתפרשו בהתאם לחוקי מדינת קליפורניה, ארצות הברית.","ये शर्तें कैलिफोर्निया राज्य, संयुक्त राज्य अमेरिका के कानूनों के अनुसार शासित और व्याख्यायित होंगी, इसके कानूनी सिद्धांतों के संघर्ष की परवाह किए बिना।","Ezeket a Feltételeket Kalifornia állam, Amerikai Egyesült Államok törvényei irányítják és értelmezik, jogkonfliktusi elvei figyelmen kívül hagyásával. (Megjegyzés: Konzultáljon ügyvéddel annak megerősítéséhez, hogy ez-e az Ön számára megfelelő joghatóság).","Syarat ini akan diatur dan ditafsirkan sesuai dengan hukum Negara Bagian California, Amerika Serikat.","Questi Termini saranno disciplinati e interpretati in conformità alle leggi dello Stato della California, Stati Uniti, senza riguardo ai suoi principi di conflitto di leggi.",これらの規約は、法の抵触原則に関係なく、米国カリフォルニア州の法律に従って規律され、解釈されます。,본 약관은 법률 충돌 원칙과 관계없이 미국 캘리포니아주 법률에 따라 규율되고 해석됩니다.,"Syarat ini akan ditadbir dan ditafsirkan mengikut undang-undang Negeri California, Amerika Syarikat, tanpa mengira prinsip konflik undang-undangnya. (Nota: Berunding dengan peguam untuk mengesahkan sama ada ini adalah bidang kuasa yang sesuai untuk anda).",ဤစည်းမျဉ်းများကို အမေရိကန်ပြည်ထောင်စု၊ ကယ်လီဖိုးနီးယားပြည်နယ်၏ ဥပဒေများဖြင့် ထိန်းချုပ်ပြီး အဓိပ္ပာယ်ဖွင့်ဆိုမည်ဖြစ်ပြီး၊ ၎င်း၏ ဥပဒေပဋိပက္ခ နိယာမများကို ထည့်သွင်းစဉ်းစားခြင်းမရှိဘေ။ (မှတ်ချက်- ဤအရာသည် သင့်အတွက် သင့်လျော်သော တရားစီရင်ပိုင်ခွင့်ဖြစ်ရန် ရှေ့နေနှင့် ပြန်လည်တိုင်ပင်ပါ)။,"Deze Voorwaarden worden beheerst door en geïnterpreteerd in overeenstemming met de wetten van de Staat Californië, Verenigde Staten, zonder rekening te houden met de conflictrechtelijke beginselen.","Niniejszy Regulamin będzie regulowany i interpretowany zgodnie z prawem stanu Kalifornia, Stany Zjednoczone, bez względu na jego zasady kolizji prawa. (Uwaga: Skonsultuj się z prawnikiem, aby potwierdzić, czy jest to właściwa jurysdykcja dla Ciebie).","Estes Termos serão regidos e interpretados de acordo com as leis do Estado da Califórnia, Estados Unidos, sem consideração aos seus princípios de conflito de leis.","Acești Termeni vor fi guvernați și interpretați în conformitate cu legile Statului California, Statele Unite, fără a se avea în vedere principiile sale de conflict de legi. (Notă: Consultați un avocat pentru a confirma dacă aceasta este jurisdicția corespunzătoare pentru dvs.).","Эти Условия регулируются и толкуются в соответствии с законами штата Калифорния, Соединенные Штаты, без учета принципов коллизионного права.","Ovi Uslovi će biti upravljani i tumačeni u skladu sa zakonima države Kalifornije, Sjedinjene Američke Države, bez obzira na njene principe sukoba zakona. (Napomena: Konsultujte se sa advokat da potvrdite da li je ovo odgovarajuća jurisdikcija za vas).",ข้อกำหนดเหล่านี้จะถูกควบคุมและตีความตามกฎหมายของรัฐแคลิฟอร์เนีย สหรัฐอเมริกา โดยไม่คำนึงถึงหลักการความขัดแย้งของกฎหมาย,"Bu Şartlar, hukuk çatışması ilkelerini dikkate almaksızın Kaliforniya Eyaleti, Amerika Birleşik Devletleri yasalarına göre yönetilir ve yorumlanır.","Ushbu Shartlar Kaliforniya shtati, AQSH qonunlari asosida boshqariladi va talqin etiladi. (Eslatma: Bu sizga mos yurisdiktsiya ekanligini tasdiqlash uchun yuristga murojaat qiling).","Các Điều Khoản này sẽ được điều chỉnh và giải thích theo luật pháp của Bang California, Hoa Kỳ, không tính đến các nguyên tắc xung đột pháp luật của nó.",这些条款应受美国加利福尼亚州法律管辖和解释，不考虑其法律冲突原则。（注：请咨询律师确认这是否是适合您的司法管辖区）。,这些条款应根据美国加利福尼亚州的法律进行管辖和解释，不考虑其法律冲突原则。
terms_governing_title,10. القانون الحاكم,১০. নিয়ন্ত্রণকারী আইন,10. Geltendes Recht,10. Κυβερνών Νόμος,10. Governing Law,10. Ley Aplicable,۱۰. قانون حاکم,10. Droit applicable,10. חוק חל,10. शासी कानून,10. Alkalmazandó jog,10. Hukum yang Mengatur,10. Legge Applicabile,10. 準拠法,10. 준거법,10. Undang-undang Mentadbir,၁၀။ ထိန်းချုပ်မှု ဥပဒေ,10. Toepasselijk Recht,10. Prawo Właściwe,10. Lei Aplicável,10. Legea Aplicabilă,10. Применимое право,10. Vladajuće pravo,10. กฎหมายที่ใช้บังคับ,10. Geçerli Hukuk,10. Hukmron Qonun,10. Luật Điều Chỉnh,10. 适用法律,10. 管辖法律
terms_liability_access,وصولك إلى الخدمة أو استخدامها أو عدم قدرتك على الوصول إليها أو استخدامها؛,সেবায় আপনার অ্যাক্সেস বা ব্যবহার বা অ্যাক্সেস বা ব্যবহারে অক্ষমতা;,"Ihrem Zugang zu oder der Nutzung des Dienstes oder der Unfähigkeit, auf den Dienst zuzugreifen oder ihn zu nutzen;",Την πρόσβασή σας ή τη χρήση ή την αδυναμία πρόσβασης ή χρήσης της Υπηρεσίας·,Your access to or use of or inability to access or use the Service;,Su acceso o uso del Servicio o incapacidad para acceder o usar el Servicio;,دسترسی شما به خدمات یا استفاده از آن یا عدم توانایی دسترسی یا استفاده از خدمات؛,Votre accès ou utilisation ou incapacité d'accéder ou d'utiliser le Service ;,הגישה שלכם או השימוש או חוסר היכולת לגשת או להשתמש בשירות;,सेवा तक आपकी पहुंच या उपयोग या पहुंच या उपयोग करने में असमर्थता;,"Az Ön hozzáférése vagy használata, vagy a Szolgáltatáshoz való hozzáférés vagy használat képtelensége;",Akses atau penggunaan Anda atau ketidakmampuan untuk mengakses atau menggunakan Layanan;,Il tuo accesso o uso o incapacità di accedere o utilizzare il Servizio;,お客様のサービスへのアクセスもしくは使用、またはアクセスもしくは使用ができないこと；,서비스에 대한 귀하의 접근이나 사용 또는 접근이나 사용 불능;,Akses atau penggunaan anda atau ketidakupayaan untuk mengakses atau menggunakan Perkhidmatan;,သင်၏ ဝန်ဆောင်မှုကို သုံးစွဲခြင်း သို့မဟုတ် အသုံးပြုခြင်း သို့မဟုတ် သုံးစွဲ သို့မဟုတ် အသုံးပြုနိုင်ခြင်းမရှိခြင်း;,Uw toegang tot of gebruik van of onvermogen om toegang te krijgen tot of gebruik te maken van de Service;,Twojego dostępu do lub korzystania z lub niemożności dostępu do lub korzystania z Usługi;,Seu acesso ou uso ou incapacidade de acessar ou usar o Serviço;,Accesul dvs. la sau utilizarea sau incapacitatea de a accesa sau utiliza Serviciul;,"Вашего доступа к Сервису или его использования, или невозможности получить доступ к Сервису или использовать его;",Vašeg pristupa ili korišćenja ili nemogućnosti pristupa ili korišćenja Usluge;,การเข้าถึงหรือการใช้บริการของคุณหรือไม่สามารถเข้าถึงหรือใช้บริการ,Hizmete erişiminiz veya kullanımınız veya erişememe veya kullanamama durumunuz;,Xizmatdan foydalanish yoki foydalana olmasligingiz;,Việc truy cập hoặc sử dụng Dịch Vụ của bạn hoặc không thể truy cập hoặc sử dụng Dịch Vụ;,您访问或使用或无法访问或使用服务；,您对服务的访问或使用或无法访问或使用服务；
terms_liability_basis,يطبق تحديد المسؤولية هذا سواء كانت المسؤولية المزعومة تستند إلى العقد أو الضرر أو الإهمال أو المسؤولية الصارمة أو أي أساس آخر، حتى لو تم إخطار Piyuo بإمكانية حدوث مثل هذا الضرر.,"এই দায়বদ্ধতার সীমাবদ্ধতা প্রযোজ্য হবে কথিত দায়বদ্ধতা চুক্তি, ক্ষতি, অবহেলা, কঠোর দায়বদ্ধতা বা অন্য কোনো ভিত্তির উপর ভিত্তি করে হোক না কেন, এমনকি পিয়ুওকে এই ধরনের ক্ষতির সম্ভাবনার কথা জানানো হলেও।","Diese haftungsbeschränkung gilt, unabhängig davon, ob die behauptete haftung auf vertrag, unerlaubter handlung, fahrlässigkeit, verschuldensunabhängiger haftung oder einer anderen grundlage beruht, selbst wenn piyuo auf die möglichkeit eines solchen schadens hingewiesen wurde.",Αυτος ο περιορισμος ευθυνης ισχυει ανεξαρτητα απο τη βαση της ισχυριζομενης ευθυνης.,"This limitation of liability applies whether the alleged liability is based on contract, tort, negligence, strict liability, or any other basis, even if piyuo has been advised of the possibility of such damage.","Esta limitación de responsabilidad se aplica ya sea que la supuesta responsabilidad se base en contrato, agravio, negligencia, responsabilidad estricta o cualquier otra base.",این محدودیت مسئولیت صرف نظر از مبنای مسئولیت ادعا شده اعمال می‌شود.,"Cette limitation de responsabilité s'applique que la responsabilité alléguée soit basée sur un contrat, un délit, une négligence, une responsabilité stricte ou toute autre base, même si piyuo a été avisé de la possibilité de tels dommages.",הגבלת אחריות זו חלה ללא קשר לבסיס של האחריות הנטענת.,"यह देयता सीमा लागू होती है चाहे कथित देयता अनुबंध, अपकृत्य, लापरवाही, सख्त देयता या किसी अन्य आधार पर आधारित हो, भले ही Piyuo को ऐसी क्षति की संभावना के बारे में सलाह दी गई हो।","Ez a felelősségkorlátozás alkalmazandó függetlenül attól, hogy a feltételezett felelősség szerződésen, kártérésen, gondatlanságon, objektív felelősségen vagy bármely más alapon nyugszik, még akkor is, ha a piyuo-t tájékoztatták az ilyen kár lehetőségéről.",Pembatasan tanggung jawab ini berlaku terlepas dari dasar tanggung jawab yang diklaim.,"Questa limitazione di responsabilità si applica sia che la presunta responsabilità sia basata su contratto, illecito, negligenza, responsabilità oggettiva o qualsiasi altra base, anche se piyuo è stato avvisato della possibilità di tale danno.",この責任制限は、申し立てられた責任が契約、不法行為、過失、厳格責任、またはその他の根拠に基づくかどうかにかかわらず適用され、Piyuoがそのような損害の可能性について助言されていた場合であっても適用されます。,"이 책임 제한은 주장된 책임이 계약, 불법행위, 과실, 무과실 책임 또는 기타 근거에 기반하는지 여부에 관계없이 적용되며, Piyuo가 그러한 손해의 가능성에 대해 조언받은 경우에도 적용됩니다.","Had liabiliti ini terpakai tidak kira sama ada liabiliti yang didakwa berdasarkan kontrak, tort, kecuaian, liabiliti ketat atau apa-apa asas lain, walaupun piyuo telah dinasihatkan tentang kemungkinan kerosakan tersebut.",ဤတာဝန်ဝတ္တရား ကန့်သတ်ချက်သည် စွပ်စွဲထားသော တာဝန်ဝတ္တရားသည် စာချုပ်၊ ပြစ်မှု၊ ပေါ့ဆမှု၊ တင်းကြပ်သောတာဝန်ဝတ္တရား သို့မဟုတ် အခြားမည်သည့်အခြေခံမူပေါ်တွင် အခြေခံထားသည်ဖြစ်စေ၊ piyuo ကို ထိုကဲ့သို့သော ပျက်စီးဆုံးရှုံးမှု၏ ဖြစ်နိုင်ခြေအကြောင်း အကြံပေးခဲ့သည့်တိုင်အောင် ကျင့်သုံးသည်။,"Deze beperking van aansprakelijkheid is van toepassing ongeacht of de beweerde aansprakelijkheid gebaseerd is op contract, onrechtmatige daad, nalatigheid, strikte aansprakelijkheid of enige andere basis, zelfs als piyuo op de hoogte is gesteld van de mogelijkheid van dergelijke schade.","To ograniczenie odpowiedzialności obowiązuje niezależnie od tego, czy domniemana odpowiedzialność oparta jest na umowie, delikcie, zaniedbaniu, odpowiedzialności bezwzględnej lub jakiejkolwiek innej podstawie, nawet jeśli piyuo zostało poinformowane o możliwości takiej szkody.","Esta limitação de responsabilidade aplica-se seja a responsabilidade alegada baseada em contrato, delito, negligência, responsabilidade objetiva ou qualquer outra base, mesmo que a piyuo tenha sido avisada da possibilidade de tal dano.","Această limitare a răspunderii se aplică indiferent dacă răspunderea pretinsă se bazează pe contract, delict, neglijență, răspundere strictă sau orice altă bază, chiar dacă piyuo a fost avertizat de posibilitatea unei astfel de daune.","Это ограничение ответственности применяется независимо от того, основана ли предполагаемая ответственность на договоре, правонарушении, халатности, строгой ответственности или любой другой основе, даже если piyuo была уведомлена о возможности таких убытков.","Ovo ograničenje odgovornosti primenjuje se bez obzira na to da li je navodna odgovornost zasnovana na ugovoru, deliktu, nemaru, strogoj odgovornosti ili bilo kojoj drugoj osnovi, čak i ako je piyuo obavešten o mogućnosti takve štete.",การจำกัดความรับผิดชอบนี้ใช้ไม่ว่าความรับผิดชอบที่อ้างจะอิงตามสัญญา การละเมิด ความประมาทเลินเล่อ ความรับผิดชอบที่เข้มงวด หรือเหตุผลอื่นใด แม้ว่า Piyuo จะได้รับแจ้งถึงความเป็นไปได้ของความเสียหายดังกล่าวแล้วก็ตาม,"Bu sorumluluk sinirlamasi, i̇ddi̇a edi̇len sorumluluğun sözleşme, haksiz fi̇i̇l, i̇hmal, kusursuz sorumluluk veya di̇ğer herhangi̇ bi̇r temele dayali olup olmadiğina bakmaaksizin geçerli̇di̇r, piyuo bu tür zararlarin olasiliği konusunda bi̇lgi̇lendi̇ri̇lmi̇ş olsa bi̇le.","Ushbu javobgarlik cheklovi da'vo qilingan javobgarlik shartnoma, zarar, beparvolik yoki boshqa asosda asoslangan bo'lishidan qatiy nazar qollanadi.","Giới hạn trách nhiệm này áp dụng cho dù trách nhiệm bị cáo buộc dựa trên hợp đồng, thiệt hại, cẩu thả, trách nhiệm nghiêm ngặt hay bất kỳ cơ sở nào khác, ngay cả khi piyuo đã được thông báo về khả năng của những thiệt hại như vậy.",无论所谓的责任是基于合同、侵权、过失、严格责任还是任何其他基础，此责任限制都适用。,无论所声称的责任是基于合同、侵权、疏忽、严格责任还是任何其他基础，此责任限制均适用，即使Piyuo已被告知此类损害的可能性。
terms_liability_content,أي محتوى تم الحصول عليه من الخدمة؛ و,সেবা থেকে প্রাপ্ত কোনো বিষয়বস্তু; এবং,Jedem vom Dienst erhaltenen Inhalt; und,Οποιοδήποτε περιεχόμενο που αποκτήθηκε από την Υπηρεσία· και,Any content obtained from the Service; and,Cualquier contenido obtenido del Servicio; y,هرگونه محتوای به دست آمده از خدمات؛ و,Tout contenu obtenu du Service ; et,כל תוכן שהושג מהשירות; ו,सेवा से प्राप्त कोई भी सामग्री; और,A Szolgáltatásból származó bármely tartalom; és,Konten apa pun yang diperoleh dari Layanan; dan,Qualsiasi contenuto ottenuto dal Servizio; e,サービスから取得された内容；および,서비스로부터 얻은 콘텐츠; 그리고,Sebarang kandungan yang diperoleh daripada Perkhidmatan; dan,ဝန်ဆောင်မှုမှ ရရှိသည့် မည်သည့်အကြောင်းအရာမဆို; နှင့်,Enige inhoud verkregen van de Service; en,Jakiejkolwiek treści uzyskanej z Usługi; oraz,Qualquer conteúdo obtido do Serviço; e,Orice conținut obținut din Serviciu; și,"Любого контента, полученного из Сервиса; и",Bilo kog sadržaja dobijenog iz Usluge; i,เนื้อหาใดๆ ที่ได้รับจากบริการ และ,Hizmetten elde edilen herhangi bir içerik; ve,Xizmatdan olingan har qanday kontent; va,Bất kỳ nội dung nào thu được từ Dịch Vụ; và,从服务获得的任何内容；和,从服务获得的任何内容；以及
terms_liability_intro,إلى أقصى حد يسمح به القانون المعمول به، لن تكون Piyuo أو الشركات التابعة لها أو موظفوها أو مديروها أو موظفوها أو وكلاؤها أو موردوها أو مرخصوها مسؤولين في أي حال من الأحوال عن أي أضرار غير مباشرة أو عرضية أو خاصة أو تبعية أو عقابية، بما في ذلك دون حصر، فقدان الأرباح أو البيانات أو الاستخدام أو الشهرة أو الخسائر غير الملموسة الأخرى، الناتجة عن:,"প্রযোজ্য আইনের অনুমতিপ্রাপ্ত পূর্ণ সীমা পর্যন্ত, কোনো অবস্থাতেই পিয়ুও, এর সহযোগী সংস্থা, কর্মকর্তা, পরিচালক, কর্মচারী, এজেন্ট, সরবরাহকারী বা লাইসেন্সধারীরা নিম্নলিখিত থেকে উদ্ভূত কোনো পরোক্ষ, ঘটনাগত, বিশেষ, পরিণতিমূলক বা শাস্তিমূলক ক্ষতির জন্য দায়ী থাকবে না:","Im vollen umfang des nach geltendem recht zulässigen sind piyuo, seine verbundenen unternehmen, beamten, direktoren, mitarbeiter, vertreter, lieferanten oder lizenzgeber in keinem fall haftbar für indirekte, zufällige, besondere, folge- oder strafschäden, einschliesslich ohne beschränkung, gewinnverlust, daten, nutzung, geschäftswert oder andere immaterielle verluste, die sich ergeben aus:","Στο μεγιστο βαθμο που επιτρεπεται απο το εφαρμοστεο δικαιο, σε καμια περιπτωση η piyuo, οι συνεργατες, αξιωματουχοι, διευθυντες, υπαλληλοι, αντιπροσωποι, προμηθευτες η αδειοδοτες δεν θα ειναι υπευθυνοι για οποιεσδηποτε εμμεσες, συμπτωματικες, ειδικες, συνεπακολουθες η τιμωρητικες ζημιες.","To the fullest extent permitted by applicable law, in no event shall piyuo, its affiliates, officers, directors, employees, agents, suppliers, or licensors be liable for any indirect, incidental, special, consequential, or punitive damages, including without limitation, loss of profits, data, use, goodwill, or other intangible losses, resulting from:","En la máxima medida permitida por la ley aplicable, en ningún caso piyuo, sus afiliados, funcionarios, directores, empleados, agentes, proveedores o licenciantes serán responsables por daños indirectos, incidentales, especiales, consecuentes o punitivos.",تا حداکثر حد مجاز توسط قانون قابل اجرا، در هیچ شرایطی piyuo، شرکای تجاری، مقامات، مدیران، کارمندان، نمایندگان، تامین‌کنندگان یا صادرکنندگان مجوز مسئول هیچ‌گونه خسارات غیرمستقیم، تصادفی، خاص، متعاقب یا جریمه‌ای نخواهند بود.,"Dans la mesure maximale permise par la loi applicable, en aucun cas piyuo, ses affiliés, dirigeants, administrateurs, employés, agents, fournisseurs ou concédants de licence ne seront responsables de dommages indirects, accessoires, spéciaux, consécutifs ou punitifs, y compris sans limitation, la perte de profits, de données, d'utilisation, de clientèle ou d'autres pertes intangibles, résultant de :","במידה המרבית המותרת על פי החוק החל, בשום מקרה לא יהיו piyuo, שותפיה, נושאי המשרה, הדירקטורים, העובדים, הסוכנים, הספקים או מעניקי הרישיונות אחראים לכל נזק עקיף, מקרי, מיוחד, תוצאתי או עונשי.","लागू कानून द्वारा अनुमतित अधिकतम सीमा तक, किसी भी स्थिति में Piyuo, इसकी सहयोगी कंपनियां, अधिकारी, निदेशक, कर्मचारी, एजेंट, आपूर्तिकर्ता या लाइसेंसकर्ता निम्नलिखित से उत्पन्न होने वाली अप्रत्यक्ष, आकस्मिक, विशेष, परिणामी या दंडात्मक क्षति के लिए उत्तरदायी नहीं होंगे, जिसमें बिना सीमा के, लाभ, डेटा, उपयोग, सद्भावना या अन्य अमूर्त हानियों का नुकसान शामिल है:","Az alkalmazandó jog által megengedett teljes mértékben, semmiféle esetben nem lesz a piyuo, kapcsolt vállalkozásai, tisztségviselői, igazgatói, alkalmazottai, ügynökei, beszállítói vagy licencadói felelős semmilyen közvetett, véletlen, különleges, következményes vagy büntető kárért, beleértve korlátozás nélkül a profit, adatok, használat, goodwill vagy egyéb immateriális veszteségeket, amelyek a következőkből erednek:","Sejauh maksimum yang diizinkan oleh hukum yang berlaku, dalam keadaan apa pun piyuo, afiliasinya, pejabat, direktur, karyawan, agen, pemasok, atau pemberi lisensi tidak akan bertanggung jawab atas kerusakan tidak langsung, insidental, khusus, konsekuensial, atau punitif apa pun.","Nella massima misura consentita dalla legge applicabile, in nessun caso piyuo, i suoi affiliati, funzionari, direttori, dipendenti, agenti, fornitori o licenzianti saranno responsabili per danni indiretti, incidentali, speciali, consequenziali o punitivi, inclusi senza limitazione, perdita di profitti, dati, uso, goodwill o altre perdite intangibili, risultanti da:",適用法によって許可される最大限の範囲で、いかなる場合も、Piyuo、その関連会社、役員、取締役、従業員、代理人、サプライヤー、またはライセンサーは、以下から生じる利益、データ、使用、のれん、またはその他の無形損失の損失を含むがこれに限定されない、間接的、偶発的、特別、結果的、または懲罰的損害について責任を負いません：,"적용법이 허용하는 최대 범위까지 어떤 경우에도 Piyuo, 그 계열사, 임원, 이사, 직원, 대리인, 공급업체 또는 라이선스 제공자는 다음으로부터 발생하는 이익, 데이터, 사용, 영업권 또는 기타 무형 손실의 손실을 포함하되 이에 제한되지 않는 간접적, 부수적, 특별, 결과적 또는 징벌적 손해에 대해 책임지지 않습니다:","Pada tahap penuh yang dibenarkan oleh undang-undang yang berkenaan, dalam keadaan apa pun piyuo, ahli gabungannya, pegawai, pengarah, pekerja, ejen, pembekal atau pemberi lesen tidak akan bertanggungjawab untuk sebarang kerosakan tidak langsung, sampingan, khas, berbangkit atau punitif, termasuk tanpa had, kehilangan keuntungan, data, penggunaan, muhibah atau kerugian tidak ketara lain, yang terhasil daripada:",သက်ဆိုင်ရာဥပဒေမှ ခွင့်ပြုထားသည့် အပြည့်အဝအတိုင်းအတာအထိ၊ မည်သည့်အခြေအနေတွင်မျှ piyuo၊ ၎င်း၏ တွဲဖက်များ၊ အရာရှိများ၊ ဒါရိုက်တာများ၊ ဝန်ထမ်းများ၊ ကိုယ်စားလှယ်များ၊ ပေးသွင်းသူများ သို့မဟုတ် လိုင်စင်ရှင်များသည် အောက်ပါအရာများမှ ဖြစ်ပေါ်လာသည့် အမြတ်၊ ဒေတာ၊ အသုံးပြုမှု၊ ကောင်းမွန်သောဆန္ဒ သို့မဟုတ် အခြားမထိမခိုင်းနစ်နာမှုများ အပါအဝင် ကန့်သတ်ချက်မရှိဘဲ၊ မည်သည့် သွယ်ဝိုက်သော၊ မတော်တဆ၊ အထူး၊ အကျိုးသက်ရောက်မှုရှိသော သို့မဟုတ် အပြစ်ပေးသဘောရှိသော ပျက်စီးဆုံးရှုံးမှုများအတွက် တာဝန်မရှိပါ:,"Voor zover maximaal toegestaan door de toepasselijke wet, zullen piyuo, haar gelieerde ondernemingen, functionarissen, directeuren, werknemers, agenten, leveranciers of licentiegevers in geen geval aansprakelijk zijn voor indirecte, incidentele, speciale, gevolgschade of punitieve schade, inclusief zonder beperking, verlies van winst, gegevens, gebruik, goodwill of andere immateriële verliezen, voortvloeiend uit:","W najszerszym zakresie dozwolonym przez obowiązujące prawo, w żadnym wypadku piyuo, jego spółki stowarzyszone, oficerowie, dyrektorzy, pracownicy, agenci, dostawcy lub licencjodawcy nie będą odpowiedzialni za jakiekolwiek szkody pośrednie, przypadkowe, specjalne, następcze lub karne, w tym bez ograniczeń, utratę zysków, danych, użytkowania, goodwill lub inne straty niematerialne, wynikające z:","Na máxima extensão permitida pela lei aplicável, em nenhum caso a piyuo, suas afiliadas, oficiais, diretores, funcionários, agentes, fornecedores ou licenciadores serão responsáveis por danos indiretos, incidentais, especiais, consequenciais ou punitivos, incluindo sem limitação, perda de lucros, dados, uso, goodwill ou outras perdas intangíveis, resultantes de:","În măsura maximă permisă de legea aplicabilă, în niciun caz piyuo, afiliații săi, ofițerii, directorii, angajații, agenții, furnizorii sau licențiatorii nu vor fi răspunzători pentru orice daune indirecte, incidentale, speciale, consecvente sau punitive, incluzând fără limitare, pierderea de profituri, date, utilizare, bunăvoință sau alte pierderi intangibile, rezultând din:","В максимальной степени, разрешенной применимым законодательством, ни в коем случае piyuo, ее аффилированные лица, должностные лица, директора, сотрудники, агенты, поставщики или лицензиары не несут ответственности за косвенные, случайные, специальные, последующие или штрафные убытки, включая без ограничения, потерю прибыли, данных, использования, деловой репутации или других нематериальных потерь, возникающих в результате:","U najvećoj meri dozvoljenoj primenjivim zakonom, ni u kojim okolnostima piyuo, njegovi povezani subjekti, službenik, direktori, zaposleni, agent, dobavljači ili davaloce licenci neće biti odgovorni za bilo kakve indirektne, slučajne, posebne, posledične ili kažnjive štete, uključujući bez ograničenja gubitak profita, podataka, korišćenja, goodwill-a ili drugih neopipljivih gubitaka, koji proizlaze iz:",ในขอบเขตสูงสุดที่กฎหมายที่บังคับใช้อนุญาต ไม่ว่าในกรณีใดๆ Piyuo บริษัทในเครือ เจ้าหน้าที่ กรรมการ พนักงาน ตัวแทน ผู้ซัพพลาย หรือผู้ให้ใบอนุญาตจะไม่รับผิดชอบต่อความเสียหายทางอ้อม เหตุบังเอิญ พิเศษ เป็นผลสืบเนื่อง หรือลงโทษ รวมถึงแต่ไม่จำกัดเฉพาะ การสูญเสียกำไร ข้อมูล การใช้งาน ความนิยม หรือการสูญเสียที่ไม่เป็นรูปธรรมอื่นๆ ที่เกิดจาก:,"Uygulanacak hukuk tarafindan i̇zi̇n veri̇len azami̇ ölçüde, hi̇çbi̇r durumda piyuo, bağli şi̇rketleri̇, yetki̇li̇leri̇, yöneti̇ci̇leri̇, çalişanlari, temsi̇lci̇leri̇, tedari̇kçi̇leri̇ veya li̇sans verenleri̇ dolayli, rastlantsal, özel, sonuç olarak ortaya çikan veya cezai̇ zararlardan, sinirli olmamak üzere kar, veri̇, kullanim, i̇yi̇ ni̇yet veya di̇ğer somut olmayan kayiplar dahi̇l olmak üzere sorumlu olmayacaktir:","Qonun ruxsat bergan maksimal darajada, hech qanday holatda piyuo, uning filiallar, zobitlar, direktorlar, xodimlar, agentlar, yetkazib beruvchilar yoki litsenziyachilar bilvosita, tasodifiy, maxsus, oqibatli yoki jazo zararlar uchun javobgar bo'lmaydi:","Trong phạm vi tối đa được pháp luật cho phép, trong mọi trường hợp piyuo, các công ty liên kết, cán bộ, giám đốc, nhân viên, đại lý, nhà cung cấp hoặc bên cấp phép sẽ không chịu trách nhiệm cho những thiệt hại gián tiếp, ngẫu nhiên, đặc biệt, hậu quả hoặc trừng phạt, bao gồm không giới hạn, mất lợi nhuận, dữ liệu, sử dụng, uy tín hoặc các tổn thất vô hình khác, phát sinh từ:",在适用法律允许的最大范围内，PIYUO、其关联公司、管理人员、董事、员工、代理人、供应商或许可方在任何情况下均不对任何间接、偶然、特殊、后果性或惩罚性损害承担责任，包括但不限于利润、数据、使用、商誉或其他无形损失的损失，由以下原因引起：,在适用法律允许的最大范围内，在任何情况下Piyuo、其关联公司、高级职员、董事、员工、代理人、供应商或许可方均不对以下原因造成的间接、偶然、特殊、后果性或惩罚性损害负责，包括但不限于利润、数据、使用、商誉或其他无形损失：
terms_liability_risk,تقر وتوافق على أن الخدمة تُقدم مجاناً كأداة. تستخدم الخدمة على مسؤوليتك الكاملة. لا تتحمل Piyuo أي مسؤولية أو التزام عن أي ضرر لجهازك (أجهزتك) أو البرامج الأخرى، أو أي عواقب تنشأ من استخدامك للخدمة.,আপনি স্বীকার করেন এবং সম্মত হন যে সেবাটি একটি টুল হিসেবে বিনামূল্যে প্রদান করা হয়। আপনি সম্পূর্ণভাবে নিজের ঝুঁকিতে সেবাটি ব্যবহার করেন। পিয়ুও আপনার ডিভাইস(গুলি) বা অন্যান্য সফটওয়্যারের কোনো ক্ষতি বা সেবার ব্যবহার থেকে উদ্ভূত কোনো পরিণতির জন্য কোনো দায়বদ্ধতা বা দায় গ্রহণ করে না।,"Sie erkennen an und stimmen zu, dass der dienst kostenlos als werkzeug bereitgestellt wird. sie nutzen den dienst vollständig auf eigene gefahr. piyuo übernimmt keine verantwortung oder haftung für schäden an ihrem/ihren gerät(en) oder anderer software oder konsequenzen, die sich aus ihrer nutzung des dienstes ergeben.",Αναγνωριζετε και συμφωνειτε οτι η υπηρεσια παρεχεται δωρεαν ως εργαλειο. χρησιμοποιειτε την υπηρεσια εντελως με δικη σας ευθυνη.,"You acknowledge and agree that the service is provided free of charge as a tool. you use the service entirely at your own risk. piyuo assumes no responsibility or liability for any damage to your device(s) or other software, or any consequences arising from your use of the service.",Usted reconoce y acepta que el servicio se proporciona gratuitamente como una herramienta. usted usa el servicio completamente bajo su propio riesgo.,شما تصدیق و موافقت می‌کنید که خدمات به عنوان ابزار به صورت رایگان ارائه می‌شود. شما کاملاً با ریسک خود از خدمات استفاده می‌کنید.,"Vous reconnaissez et acceptez que le service est fourni gratuitement comme un outil. vous utilisez le service entièrement à vos propres risques. piyuo n'assume aucune responsabilité pour tout dommage à votre/vos appareil(s) ou autre logiciel, ou toute conséquence découlant de votre utilisation du service.",אתם מודים ומסכימים שהשירות מסופק בחינם ככלי. אתם משתמשים בשירות על אחריותכם הבלעדית.,आप स्वीकार करते हैं और सहमत हैं कि सेवा एक उपकरण के रूप में निःशुल्क प्रदान की जाती है। आप पूरी तरह से अपने जोखिम पर सेवा का उपयोग करते हैं। Piyuo आपके डिवाइस(डिवाइसों) या अन्य सॉफ्टवेयर को होने वाली किसी भी क्षति या आपकी सेवा के उपयोग से उत्पन्न होने वाले किसी भी परिणाम के लिए कोई जिम्मेदारी नहीं लेता है।,"Elismeri és beleegyezik, hogy a szolgáltatást eszközként ingyenesen biztosítjuk. a szolgáltatást teljes mértékben saját kockázatára használja. a piyuo nem vállal felelősséget az ön eszközeinek vagy más szoftverének károsodásáért, vagy a szolgáltatás használatából eredő következményekért.",Anda mengakui dan setuju bahwa layanan disediakan gratis sebagai alat. anda menggunakan layanan sepenuhnya atas risiko anda sendiri.,"Riconosci e accetti che il servizio è fornito gratuitamente come strumento. usi il servizio interamente a tuo rischio. piyuo non si assume alcuna responsabilità per danni ai tuoi dispositivi o altro software, o qualsiasi conseguenza derivante dal tuo uso del servizio.",お客様は、サービスがツールとして無料で提供されることを認識し、同意します。お客様は、完全に自己の責任でサービスを使用します。Piyuoは、お客様のデバイスまたは他のソフトウェアへの損害、またはお客様のサービス使用から生じる結果について、一切の責任を負いません。,귀하는 서비스가 도구로서 무료로 제공된다는 것을 인정하고 동의합니다. 귀하는 전적으로 자신의 위험 부담으로 서비스를 사용합니다. Piyuo는 귀하의 기기나 다른 소프트웨어에 대한 손해 또는 귀하의 서비스 사용으로 인한 결과에 대해 어떤 책임도 지지 않습니다.,"Anda mengakui dan bersetuju bahawa perkhidmatan disediakan secara percuma sebagai alat. anda menggunakan perkhidmatan sepenuhnya atas risiko anda sendiri. piyuo tidak menanggung sebarang tanggungjawab atau liabiliti untuk sebarang kerosakan kepada peranti anda atau perisian lain, atau apa-apa akibat yang timbul daripada penggunaan perkhidmatan anda.",သင်သည် ဝန်ဆောင်မှုကို ကိရိယာတစ်ခုအနေဖြင့် အခမဲ့ ပေးအပ်ထားကြောင်း အသိအမှတ်ပြုပြီး သဘောတူသည်။ သင်သည် ဝန်ဆောင်မှုကို လုံးဝ သင်၏ကိုယ်ပိုင်အန်တရာယ်ဖြင့် အသုံးပြုသည်။ piyuo သည် သင်၏စက်ပစ္စည်း(များ) သို့မဟုတ် အခြားဆော့ဖ်ဝဲများ၏ မည်သည့်ပျက်စီးဆုံးရှုံးမှု သို့မဟုတ် သင်၏ ဝန်ဆောင်မှုအသုံးပြုမှုမှ ဖြစ်ပေါ်လာသည့် မည်သည့်အကျိုးဆက်များအတွက်မျှ မည်သည့်တာဝန်ဝတ္တရား သို့မဟုတ် တာဝန်မျှ မယူပါ။,"U erkent en gaat ermee akkoord dat de service gratis wordt geleverd als een hulpmiddel. u gebruikt de service geheel op eigen risico. piyuo neemt geen verantwoordelijkheid voor schade aan uw apparaat(en) of andere software, of enige gevolgen voortvloeiend uit uw gebruik van de service.","Potwierdzasz i zgadzasz się, że usługa jest świadczona bezpłatnie jako narzędzie. korzystasz z usługi całkowicie na własne ryzyko. piyuo nie ponosi żadnej odpowiedzialności za jakiekolwiek uszkodzenia twojego urządzenia(ów) lub innego oprogramowania, lub jakiekolwiek konsekwencje wynikające z twojego korzystania z usługi.","Você reconhece e concorda que o serviço é fornecido gratuitamente como uma ferramenta. você usa o serviço inteiramente por sua própria conta e risco. a piyuo não assume responsabilidade por qualquer dano ao(s) seu(s) dispositivo(s) ou outro software, ou quaisquer consequências decorrentes do seu uso do serviço.","Recunoașteți și sunteți de acord că serviciul este furnizat gratuit ca un instrument. utilizați serviciul în întregime pe propriul risc. piyuo nu își asumă nicio responsabilitate sau răspundere pentru orice daune la dispozitivul (dispozitivele) dvs. sau alte software, sau orice consecințe rezultând din utilizarea serviciului.","Вы признаете и соглашаетесь, что сервис предоставляется бесплатно как инструмент. вы используете сервис полностью на свой страх и риск. piyuo не несет ответственности за любой ущерб вашему устройству(ам) или другому программному обеспечению, или любые последствия, возникающие в результате вашего использования сервиса.","Priznajete i slažete se da se usluga pruža besplatno kao alat. koristite uslugu u potpunosti na svoj rizik. piyuo ne preuzima nikakvu odgovornost za bilo kakvu štetu na vašim uređajima ili drugom softveru, ili bilo koje posledice koje proizlaze iz vašeg korišćenja usluge.",คุณรับทราบและตกลงว่าบริการจัดให้ฟรีเป็นเครื่องมือ คุณใช้บริการโดยความเสี่ยงของคุณเองทั้งหมด Piyuo ไม่รับผิดชอบต่อความเสียหายใดๆ ต่ออุปกรณ์ของคุณหรือซอฟต์แวร์อื่นๆ หรือผลที่ตามมาใดๆ จากการใช้บริการของคุณ,HİZMETİN BİR ARAÇ OLARAK ÜCRETSİZ SAĞLANDIĞINI KABUL EDİYOR VE KABUL EDİYORSUNUZ. HİZMETİ TAMAMEN KENDİ RİSKİNİZLE KULLANIYORSUNUZ. PIYUO CİHAZINIZ(LAR) VEYA DİĞER YAZILIMLARA VEYA HİZMET KULLANIMINIZDAN KAYNAKLANAN HERHANGİ BİR SONUCA YÖNELİK HERHANGİ BİR SORMLULUK ÜSTLENMEz.,Siz xizmat vosita sifatida bepul taqdim etilganligini tan olasiz va rozisiz. siz xizmatdan butunlay o'z xavfingiz ostida foydalanasiz.,"Bạn thừa nhận và đồng ý rằng dịch vụ được cung cấp miễn phí như một công cụ. bạn sử dụng dịch vụ hoàn toàn chịu rủi ro. piyuo không chịu trách nhiệm cho bất kỳ thiệt hại nào cho thiết bị của bạn hoặc phần mềm khác, hoặc bất kỳ hậu quả nào phát sinh từ việc sử dụng dịch vụ của bạn.",您承认并同意服务是作为工具免费提供的。您完全自担风险使用服务。,您承认并同意服务作为工具免费提供。您完全自担风险使用服务。Piyuo对您的设备或其他软件的任何损害或因您使用服务而产生的任何后果不承担任何责任。
terms_liability_third_party,أي سلوك أو محتوى من أي طرف ثالث على الخدمة؛,সেবায় কোনো তৃতীয় পক্ষের আচরণ বা বিষয়বস্তু;,Jedem Verhalten oder Inhalt von Dritten im Dienst;,Οποιαδήποτε συμπεριφορά ή περιεχόμενο οποιουδήποτε τρίτου στην Υπηρεσία·,Any conduct or content of any third party on the Service;,Cualquier conducta o contenido de terceros en el Servicio;,هرگونه رفتار یا محتوای شخص ثالث در خدمات؛,Toute conduite ou contenu de tout tiers sur le Service ;,כל התנהגות או תוכן של צד שלישי בשירות;,सेवा पर किसी तीसरे पक्ष का कोई आचरण या सामग्री;,Bármely harmadik fél magatartása vagy tartalma a Szolgáltatáson;,Perilaku atau konten pihak ketiga mana pun di Layanan;,Qualsiasi condotta o contenuto di terze parti sul Servizio;,サービス上の第三者の行為または内容；,서비스상의 제3자의 행위나 콘텐츠;,Sebarang kelakuan atau kandungan mana-mana pihak ketiga pada Perkhidmatan;,ဝန်ဆောင်မှုပေါ်ရှိ မည်သည့်တတိယပါတီ၏ မည်သည့်အပြုအမူ သို့မဟုတ် အကြောင်းအရာမဆို;,Enig gedrag of inhoud van derden op de Service;,Jakiegokolwiek postępowania lub treści jakiejkolwiek strony trzeciej w Usłudze;,Qualquer conduta ou conteúdo de terceiros no Serviço;,Orice conduită sau conținut al oricărei terțe părți pe Serviciu;,Любого поведения или контента третьих лиц в Сервисе;,Bilo kog ponašanja ili sadržaja bilo koje treće strane na Usluzi;,พฤติกรรมหรือเนื้อหาของบุคคลที่สามใดๆ ในบริการ,Hizmetteki herhangi bir üçüncü tarafın davranışı veya içeriği;,Xizmatdagi uchinchi shaxslarning har qanday harakati yoki kontenti;,Bất kỳ hành vi hoặc nội dung nào của bên thứ ba trên Dịch Vụ;,服务上任何第三方的任何行为或内容；,服务上任何第三方的任何行为或内容；
terms_liability_title,7. تحديد المسؤولية,৭. দায়বদ্ধতার সীমাবদ্ধতা,7. Haftungsbeschränkung,7. Περιορισμός Ευθύνης,7. Limitation of Liability,7. Limitación de Responsabilidad,۷. محدودیت مسئولیت,7. Limitation de responsabilité,7. הגבלת אחריות,7. देयता की सीमा,7. Felelősség korlátozása,7. Pembatasan Tanggung Jawab,7. Limitazione di Responsabilità,7. 責任の制限,7. 책임 제한,7. Had Liabiliti,၇။ တာဝန်ဝတ္တရား ကန့်သတ်ချက်,7. Beperking van Aansprakelijkheid,7. Ograniczenie Odpowiedzialności,7. Limitação de Responsabilidade,7. Limitarea Răspunderii,7. Ограничение ответственности,7. Ograničenje odgovornosti,7. การจำกัดความรับผิดชอบ,7. Sorumluluk Sınırlaması,7. Javobgarlik Cheklovi,7. Giới Hạn Trách Nhiệm,7. 责任限制,7. 责任限制
terms_liability_unauthorized,الوصول غير المصرح به أو الاستخدام أو التغيير لإرسالاتك أو محتواك (رغم أننا نلاحظ أن التطبيق لا ينقل بيانات العد الخاصة بك).,"আপনার ট্রান্সমিশন বা বিষয়বস্তুর অননুমোদিত অ্যাক্সেস, ব্যবহার বা পরিবর্তন (যদিও আমরা লক্ষ্য করি যে অ্যাপটি আপনার গণনার ডেটা প্রেরণ করে না)।","Unbefugtem Zugang, Nutzung oder Änderung Ihrer Übertragungen oder Inhalte (obwohl wir bemerken, dass die App Ihre Zähldaten nicht überträgt).","Μη εξουσιοδοτημένη πρόσβαση, χρήση ή αλλοίωση των μεταδόσεων ή περιεχομένου σας.","Unauthorized access, use, or alteration of your transmissions or content (though we note the App does not transmit your count data).","Acceso, uso o alteración no autorizados de sus transmisiones o contenido.",دسترسی، استفاده یا تغییر غیرمجاز انتقال‌ها یا محتوای شما.,"L'accès, l'utilisation ou l'altération non autorisés de vos transmissions ou contenu.","גישה, שימוש או שינוי לא מורשים של השידורים או התוכן שלכם.","आपके प्रसारण या सामग्री तक अनधिकृत पहुंच, उपयोग या परिवर्तन।","Az Ön átvitelei vagy tartalmának jogosulatlan hozzáférése, használata vagy megváltoztatása (bár megjegyezzük, hogy az Alkalmazás nem továbbítja a számlálási adatait).","Akses, penggunaan, atau perubahan yang tidak sah terhadap transmisi atau konten Anda.","Accesso, uso o alterazione non autorizzati delle tue trasmissioni o contenuti.",お客様の送信または内容への不正なアクセス、使用、または改変。,"귀하의 전송이나 콘텐츠에 대한 무단 접근, 사용 또는 변경.","Akses, penggunaan atau pengubahan tanpa kebenaran bagi penghantaran atau kandungan anda (walaupun kami ambil perhatian bahawa Aplikasi tidak menghantar data kiraan anda).",သင်၏ ပြန်လည်ပို့ခြင်း သို့မဟုတ် အကြောင်းအရာများ၏ ခွင့်ပြုချက်မရှိသော သုံးစွဲခြင်း၊ အသုံးပြုခြင်း သို့မဟုတ် ပြောင်းလဲခြင်း (အက်ပ်လီကေးရှင်းသည် သင်၏ရေတွက်မှုဒေတာကို ပေးပို့ခြင်းမရှိကြောင်း ကျွန်ုပ်တို့ မှတ်ထားသည်)။,"Ongeautoriseerde toegang, gebruik of wijziging van uw transmissies of inhoud.","Nieautoryzowanego dostępu, użycia lub zmiany Twoich transmisji lub treści (chociaż zauważamy, że Aplikacja nie przesyła Twoich danych liczbowych).","Acesso, uso ou alteração não autorizados de suas transmissões ou conteúdo.","Accesul neautorizat, utilizarea sau alterarea transmisiilor sau conținutului dvs. (deși observăm că Aplicația nu transmite datele dvs. de numărare).","Несанкционированного доступа, использования или изменения ваших передач или контента.","Neovlašćenog pristupa, korišćenja ili izmene vaših prenosa ili sadržaja (mada napominjemo da Aplikacija ne prenosi vaše podatke o brojanju).",การเข้าถึง การใช้ หรือการเปลี่ยนแปลงการส่งหรือเนื้อหาของคุณโดยไม่ได้รับอนุญาต,"İletimlerinize veya içeriğinize yetkisiz erişim, kullanım veya değişiklik.","Sizning uzatmalar yoki kontentingizga ruxsatsiz kirish, foydalanish yoki o'zgartirish.","Truy cập, sử dụng hoặc thay đổi trái phép các truyền tải hoặc nội dung của bạn.",未经授权访问、使用或更改您的传输或内容。,对您的传输或内容的未经授权访问、使用或更改。
terms_license_1,رهناً بامتثالك لهذه الشروط، تمنحك Piyuo ترخيصاً محدوداً وغير حصري وغير قابل للتحويل وغير قابل للترخيص الفرعي لتنزيل وتثبيت واستخدام الخدمة لاستخدامك الشخصي غير التجاري فقط.,"এই শর্তাবলীর সাথে আপনার সম্মতির শর্তে, পিয়ুও আপনাকে শুধুমাত্র ব্যক্তিগত, অ-বাণিজ্যিক ব্যবহারের জন্য সেবাটি ডাউনলোড, ইনস্টল এবং ব্যবহারের জন্য একটি সীমিত, অ-একচেটিয়া, অ-হস্তান্তরযোগ্য, অ-সাব-লাইসেন্সযোগ্য লাইসেন্স প্রদান করে।","Vorbehaltlich Ihrer Einhaltung dieser Bedingungen gewährt Ihnen Piyuo eine begrenzte, nicht-exklusive, nicht-übertragbare, nicht-unterlizenzierbare Lizenz zum Herunterladen, Installieren und Verwenden des Dienstes ausschließlich für Ihren persönlichen, nicht-kommerziellen Gebrauch.","Υπό την προϋπόθεση της συμμόρφωσής σας με αυτούς τους Όρους, η Piyuo σας παρέχει περιορισμένη, μη αποκλειστική, μη μεταβιβάσιμη, μη υπολιτζέσιμη άδεια για λήψη, εγκατάσταση και χρήση της Υπηρεσίας αποκλειστικά για προσωπική, μη εμπορική χρήση.","Subject to your compliance with these Terms, Piyuo grants you a limited, non-exclusive, non-transferable, non-sublicensable license to download, install, and use the Service solely for your personal, non-commercial use.","Sujeto a su cumplimiento de estos Términos, Piyuo le otorga una licencia limitada, no exclusiva, no transferible, no sublicenciable para descargar, instalar y usar el Servicio únicamente para su uso personal y no comercial.",در صورت رعایت این شرایط، Piyuo مجوز محدود، غیرانحصاری، غیرقابل انتقال و غیرقابل واگذاری برای دانلود، نصب و استفاده از خدمات فقط برای استفاده شخصی و غیرتجاری به شما می‌دهد.,"Sous réserve de votre respect de ces Conditions, Piyuo vous accorde une licence limitée, non exclusive, non transférable, non sous-licenciable pour télécharger, installer et utiliser le Service uniquement pour votre usage personnel et non commercial.","בכפוף לציות שלכם לתנאים הללו, Piyuo מעניקה לכם רישיון מוגבל, לא בלעדי, לא ניתן להעברה ולא ניתן לרישוי משנה להורדה, התקנה ושימוש בשירות אך ורק לשימוש אישי ולא מסחרי.","इन शर्तों के आपके अनुपालन के अधीन, Piyuo आपको केवल आपके व्यक्तिगत, गैर-व्यावसायिक उपयोग के लिए सेवा को डाउनलोड, इंस्टॉल और उपयोग करने के लिए एक सीमित, गैर-विशेष, गैर-स्थानांतरणीय, गैर-उप-लाइसेंसयोग्य लाइसेंस प्रदान करता है।","Ezen Feltételek betartásának függvényében a Piyuo korlátozott, nem kizárólagos, át nem ruházható, tovább nem licencelhető licencet ad Önnek a Szolgáltatás letöltésére, telepítésére és használatára kizárólag személyes, nem kereskedelmi célokra.","Tunduk pada kepatuhan Anda terhadap Syarat ini, Piyuo memberikan Anda lisensi terbatas, non-eksklusif, tidak dapat dialihkan, tidak dapat disublisensikan untuk mengunduh, menginstal, dan menggunakan Layanan semata-mata untuk penggunaan pribadi dan non-komersial Anda.","Subordinatamente al tuo rispetto di questi Termini, Piyuo ti concede una licenza limitata, non esclusiva, non trasferibile, non sublicenziabile per scaricare, installare e utilizzare il Servizio esclusivamente per il tuo uso personale e non commerciale.",これらの規約への遵守を条件として、Piyuoは、お客様の個人的な非商用利用にのみサービスをダウンロード、インストール、および使用するための限定的、非独占的、譲渡不可、サブライセンス不可のライセンスをお客様に付与します。,"본 약관을 준수한다는 조건 하에 Piyuo는 귀하의 개인적, 비상업적 사용을 위해서만 서비스를 다운로드, 설치 및 사용할 수 있는 제한적, 비독점적, 양도 불가능, 재라이선스 불가능한 라이선스를 귀하에게 부여합니다.","Tertakluk kepada pematuhan anda terhadap Syarat ini, Piyuo memberikan anda lesen terhad, bukan eksklusif, tidak boleh dipindah milik, tidak boleh sublesens untuk memuat turun, memasang dan menggunakan Perkhidmatan semata-mata untuk kegunaan peribadi dan bukan komersial anda.",ဤစည်းမျဉ်းများကို သင်လိုက်နာခြင်းကို အခြေခံ၍၊ Piyuo သည် သင်၏ ကိုယ်ပိုင်၊ စီးပွားရေးမဟုတ်သော အသုံးပြုမှုအတွက်သာ ဝန်ဆောင်မှုကို ဒေါင်းလုဒ်လုပ်ခြင်း၊ တပ်ဆင်ခြင်းနှင့် အသုံးပြုခြင်းအတွက် ကန့်သတ်ထားသော၊ သီးသန့်မဟုတ်သော၊ လွှဲပြောင်းမရသော၊ လိုင်စင်မခွဲရသော လိုင်စင်ကို သင့်အား ပေးအပ်သည်။,"Onderworpen aan uw naleving van deze Voorwaarden, verleent Piyuo u een beperkte, niet-exclusieve, niet-overdraagbare, niet-sublicensieerbare licentie om de Service uitsluitend voor uw persoonlijke, niet-commerciële gebruik te downloaden, installeren en gebruiken.","Z zastrzeżeniem przestrzegania przez Ciebie niniejszego Regulaminu, Piyuo udziela Ci ograniczonej, niewyłącznej, nieprzenośnej, nieublicencjonowanej licencji na pobieranie, instalowanie i korzystanie z Usługi wyłącznie do celów osobistych, niekomercyjnych.","Sujeito ao seu cumprimento destes Termos, a Piyuo concede a você uma licença limitada, não exclusiva, não transferível, não sublicenciável para baixar, instalar e usar o Serviço exclusivamente para seu uso pessoal e não comercial.","Sub rezerva respectării acestor Termeni, Piyuo vă acordă o licență limitată, neexclusivă, netransferabilă, nesublicențiabilă pentru a descărca, instala și utiliza Serviciul exclusiv pentru utilizarea dvs. personală, necomercială.","При условии соблюдения вами этих Условий, Piyuo предоставляет вам ограниченную, неисключительную, непередаваемую, несублицензируемую лицензию на загрузку, установку и использование Сервиса исключительно для вашего личного, некоммерческого использования.","Pod uslovom da poštujete ove Uslove, Piyuo vam daje ograničenu, neekskluzivnu, neprenosivu, nesublicencijabilnu licencu za preuzimanje, instaliranje i korišćenje Usluge isključivo za vašu ličnu, nekomercijalnu upotrebu.",ภายใต้การปฏิบัติตามข้อกำหนดเหล่านี้ของคุณ Piyuo ให้ใบอนุญาตแก่คุณที่จำกัด ไม่เฉพาะเจาะจง ไม่สามารถโอนได้ ไม่สามารถให้ใบอนุญาตช่วงได้ เพื่อดาวน์โหลด ติดตั้ง และใช้บริการเฉพาะสำหรับการใช้งานส่วนบุคคลและไม่เชิงพาณิชย์ของคุณเท่านั้น,"Bu Şartlara uymanız koşuluyla, Piyuo size yalnızca kişisel, ticari olmayan kullanımınız için Hizmeti indirme, yükleme ve kullanma konusunda sınırlı, münhasır olmayan, devredilemez, alt lisanslanamaz bir lisans verir.","Ushbu Shartlarga rioya qilish sharti bilan, Piyuo sizga faqat shaxsiy, tijorat bo'lmagan foydalanish uchun Xizmatni yuklab olish, o'rnatish va foydalanish uchun cheklangan, eksklyuziv bo'lmagan, o'tkazib bo'lmaydigan, sublitsenziya berish mumkin bo'lmagan litsenziya beradi.","Tùy thuộc vào việc tuân thủ các Điều Khoản này của bạn, Piyuo cấp cho bạn giấy phép hạn chế, không độc quyền, không thể chuyển nhượng, không thể cấp phép lại để tải xuống, cài đặt và sử dụng Dịch Vụ chỉ cho mục đích sử dụng cá nhân, phi thương mại của bạn.",在您遵守这些条款的前提下，Piyuo 授予您有限的、非独家的、不可转让的、不可再许可的许可证，仅供您个人、非商业用途下载、安装和使用服务。,在您遵守这些条款的前提下，Piyuo授予您有限的、非独占的、不可转让的、不可再许可的许可证，仅供您个人、非商业使用来下载、安装和使用服务。
terms_license_2,لا يمنحك هذا الترخيص أي حقوق في:,এই লাইসেন্স আপনাকে নিম্নলিখিত অধিকার প্রদান করে না:,Diese Lizenz gewährt Ihnen keine Rechte zu:,Αυτή η άδεια δεν σας παρέχει δικαιώματα για:,This license does not grant you any rights to:,Esta licencia no le otorga ningún derecho a:,این مجوز حق‌های زیر را به شما نمی‌دهد:,Cette licence ne vous accorde aucun droit de :,רישיון זה לא מעניק לכם זכויות כלשהן:,यह लाइसेंस आपको निम्नलिखित अधिकार प्रदान नहीं करता:,Ez a licenc nem ad Önnek jogot a következőkre:,Lisensi ini tidak memberikan Anda hak untuk:,Questa licenza non ti concede alcun diritto di:,このライセンスは、お客様に以下の権利を付与しません：,이 라이선스는 귀하에게 다음의 권리를 부여하지 않습니다:,Lesen ini tidak memberikan anda sebarang hak untuk:,ဤလိုင်စင်သည် သင့်အား အောက်ပါအခွင့်အရေးများကို မပေးပါ-,Deze licentie verleent u geen rechten om:,Ta licencja nie przyznaje Ci żadnych praw do:,Esta licença não lhe concede quaisquer direitos para:,Această licență nu vă acordă niciun drept de a:,Эта лицензия не предоставляет вам никаких прав на:,Ova licenca vam ne daje nikakva prava na:,ใบอนุญาตนี้ไม่ให้สิทธิ์แก่คุณในการ:,Bu lisans size aşağıdaki hakları vermez:,Ushbu litsenziya sizga quyidagi huquqlarni bermaydi:,Giấy phép này không cấp cho bạn bất kỳ quyền nào để:,此许可证不授予您以下权利：,此许可证不授予您以下权利：
terms_license_distribute,توزيع أو بيع أو تأجير أو إقراض أو نقل الخدمة إلى أي طرف ثالث؛,"সেবাটি কোনো তৃতীয় পক্ষের কাছে বিতরণ, বিক্রয়, ভাড়া, ঋণ বা অন্যভাবে হস্তান্তর করা;","Verteilung, Verkauf, Vermietung, Verleih oder anderweitige Übertragung des Dienstes an Dritte;","Διανομή, πώληση, μίσθωση, ενοικίαση, δανεισμό ή μεταφορά της Υπηρεσίας σε οποιονδήποτε τρίτο·","Distribute, sell, lease, rent, lend, or otherwise transfer the Service to any third party;","Distribuir, vender, alquilar, prestar o transferir de otra manera el Servicio a terceros;",توزیع، فروش، اجاره، قرض دادن یا انتقال خدمات به هر شخص ثالث؛,"Distribuer, vendre, louer, prêter ou transférer d'une autre manière le Service à un tiers ;","להפיץ, למכור, להשכיר, להשאיל או להעביר את השירות לצד שלישי;","सेवा को किसी तीसरे पक्ष को वितरित, बेचना, पट्टे पर देना, उधार देना या अन्यथा स्थानांतरित करना;","A Szolgáltatás terjesztése, eladása, lízingelése, kölcsönadása vagy más módon történő átadása harmadik félnek;","Mendistribusikan, menjual, menyewakan, meminjamkan, atau mentransfer Layanan kepada pihak ketiga;","Distribuire, vendere, affittare, prestare o trasferire in altro modo il Servizio a terze parti;",サービスの第三者への配布、販売、賃貸、貸与、またはその他の方法での譲渡；,"서비스를 제3자에게 배포, 판매, 임대, 대여 또는 기타 방법으로 양도;","Mengedarkan, menjual, memajak, menyewa, meminjamkan atau memindahkan Perkhidmatan kepada mana-mana pihak ketiga;",ဝန်ဆောင်မှုကို မည်သည့်တတိယပါတီအားမဆို ဖြန့်ဖြူးခြင်း၊ ရောင်းချခြင်း၊ ငှားရမ်းခြင်း၊ ငှားရမ်းခြင်း သို့မဟုတ် အခြားနည်းလမ်းဖြင့် လွှဲပြောင်းခြင်း;,"De Service te distribueren, verkopen, verhuren, uitlenen of anderszins over te dragen aan derden;","Dystrybuowania, sprzedaży, dzierżawy, wynajmu, pożyczania lub innego przekazywania Usługi jakiejkolwiek stronie trzeciej;","Distribuir, vender, alugar, emprestar ou transferir de outra forma o Serviço para terceiros;","Distribui, vinde, închiria, arenда sau a transfera în alt mod Serviciul către orice terță parte;","Распространение, продажу, аренду, одалживание или иную передачу Сервиса третьим лицам;","Distribuciju, prodaju, iznajmljivanje, davanje u najam, pozajmljivanje ili na drugi način prenos Usluge bilo kojoj trećoj strani;",แจกจ่าย ขาย เช่า ให้ยืม หรือโอนบริการให้แก่บุคคลที่สามด้วยวิธีอื่นใด,"Hizmeti herhangi bir üçüncü tarafa dağıtma, satma, kiralama, ödünç verme veya başka şekilde devretme;","Xizmatni uchinchi shaxsga tarqatish, sotish, ijaraga berish, ijara berish, qarzga berish yoki boshqa yo'l bilan berish;","Phân phối, bán, cho thuê, cho mượn hoặc chuyển nhượng Dịch Vụ cho bất kỳ bên thứ ba nào;",向任何第三方分发、出售、租赁、出租、借出或以其他方式转让服务；,向任何第三方分发、销售、租赁、借出或以其他方式转让服务；
terms_license_modify,تعديل أو تكييف أو تغيير أو ترجمة أو إنشاء أعمال مشتقة من الخدمة؛,"সেবাটি পরিবর্তন, অভিযোজন, পরিবর্তন, অনুবাদ বা এর ডেরিভেটিভ কাজ তৈরি করা;","Modifikation, Anpassung, Änderung, Übersetzung oder Erstellung abgeleiteter Werke des Dienstes;","Τροποποίηση, προσαρμογή, αλλαγή, μετάφραση ή δημιουργία παράγωγων έργων της Υπηρεσίας·","Modify, adapt, alter, translate, or create derivative works of the Service;","Modificar, adaptar, alterar, traducir o crear obras derivadas del Servicio;",تغییر، تطبیق، ترجمه یا ایجاد آثار مشتق از خدمات؛,"Modifier, adapter, altérer, traduire ou créer des œuvres dérivées du Service ;","לשנות, להתאים, לשנות, לתרגם או ליצור יצירות נגזרות של השירות;","सेवा को संशोधित, अनुकूलित, परिवर्तित, अनुवादित या व्युत्पन्न कार्य बनाना;","A Szolgáltatás módosítása, átalakítása, megváltoztatása, fordítása vagy származékos művek létrehozása;","Memodifikasi, mengadaptasi, mengubah, menerjemahkan, atau membuat karya turunan dari Layanan;","Modificare, adattare, alterare, tradurre o creare opere derivate del Servizio;",サービスの修正、適応、変更、翻訳、または派生作品の作成；,"서비스의 수정, 적응, 변경, 번역 또는 파생 작품 생성;","Mengubah suai, menyesuaikan, mengubah, menterjemah atau mencipta karya derivatif Perkhidmatan;",ဝန်ဆောင်မှုကို မွမ်းမံခြင်း၊ ချိန်ညှိခြင်း၊ ပြောင်းလဲခြင်း၊ ဘာသာပြန်ခြင်း သို့မဟုတ် အနုပညာလက်ရာများ ဖန်တီးခြင်း;,"De Service te modificeren, aan te passen, te wijzigen, te vertalen of afgeleide werken te creëren;","Modyfikowania, adaptowania, zmieniania, tłumaczenia lub tworzenia dzieł pochodnych Usługi;","Modificar, adaptar, alterar, traduzir ou criar trabalhos derivados do Serviço;","Modifica, adapta, altera, traduce sau crea lucrări derivate ale Serviciului;","Модификацию, адаптацию, изменение, перевод или создание производных работ Сервиса;","Modifikaciju, prilagođavanje, izmenu, prevod ili kreiranje izvedenih dela Usluge;",ปรับเปลี่ยน ดัดแปลง เปลี่ยนแปลง แปล หรือสร้างงานดัดแปลงของบริการ,"Hizmeti değiştirme, uyarlama, değiştirme, çevirme veya türev eserler oluşturma;","Xizmatni o'zgartirish, moslashtirish, o'zgartirish, tarjima qilish yoki hosilali asarlar yaratish;","Sửa đổi, điều chỉnh, thay đổi, dịch thuật hoặc tạo ra các tác phẩm phái sinh của Dịch Vụ;",修改、改编、更改、翻译或创建服务的衍生作品；,修改、改编、更改、翻译或创建服务的衍生作品；
terms_license_remove,إزالة أو تغيير أو إخفاء أي إشعارات ملكية على الخدمة.,"সেবার উপর কোনো মালিকানা নোটিশ অপসারণ, পরিবর্তন বা অস্পষ্ট করা।","Entfernung, Änderung oder Verschleierung von Eigentumshinweisen am Dienst.","Αφαίρεση, αλλαγή ή απόκρυψη οποιωνδήποτε ιδιοκτησιακών ειδοποιήσεων στην Υπηρεσία.","Remove, alter, or obscure any proprietary notices on the Service.","Eliminar, alterar u ocultar cualquier aviso de propiedad en el Servicio.",حذف، تغییر یا پنهان کردن هرگونه اطلاعیه‌های مالکیت در خدمات.,"Supprimer, altérer ou masquer tout avis de propriété sur le Service.","להסיר, לשנות או להסתיר הודעות קניין כלשהן בשירות.","सेवा पर किसी भी स्वामित्व नोटिस को हटाना, बदलना या अस्पष्ट करना।","A Szolgáltatáson található tulajdonosi megjegyzések eltávolítása, megváltoztatása vagy eltakarása.","Menghapus, mengubah, atau menyembunyikan pemberitahuan kepemilikan apa pun pada Layanan.","Rimuovere, alterare o oscurare qualsiasi avviso di proprietà sul Servizio.",サービス上の所有権表示の削除、変更、または隠蔽。,"서비스의 소유권 고지사항 제거, 변경 또는 은폐.","Membuang, mengubah atau mengaburkan sebarang notis proprietari pada Perkhidmatan.",ဝန်ဆောင်မှုပေါ်ရှိ မည်သည့်ပိုင်ဆိုင်မှုဆိုင်ရာ အသိပေးချက်များကိုမဆို ဖယ်ရှားခြင်း၊ ပြောင်းလဲခြင်း သို့မဟုတ် ဖုံးကွယ်ခြင်း။,"Eigendomsberichten op de Service te verwijderen, wijzigen of verduisteren.","Usuwania, zmieniania lub ukrywania jakichkolwiek informacji własnościowych w Usłudze.","Remover, alterar ou obscurecer quaisquer avisos de propriedade no Serviço.","Elimina, altera sau ascunde orice notificări proprietare din Serviciu.","Удаление, изменение или сокрытие любых уведомлений о правах собственности на Сервис.","Uklanjanje, izmenu ili prikrivanje bilo kojih obaveštenja o vlasništvu na Usluzi.",ลบ เปลี่ยนแปลง หรือทำให้คลุมเครือซึ่งประกาศกรรมสิทธิ์ใดๆ ในบริการ,"Hizmet üzerindeki herhangi bir mülkiyet bildirimini kaldırma, değiştirme veya gizleme.","Xizmatdagi mulkiy bildirishnomalarni olib tashlash, o'zgartirish yoki yashirish.","Loại bỏ, thay đổi hoặc che khuất bất kỳ thông báo quyền sở hữu nào trên Dịch Vụ.",删除、更改或掩盖服务上的任何专有声明。,删除、更改或隐藏服务上的任何专有声明。
terms_license_reverse,الهندسة العكسية أو إلغاء تجميع أو تفكيك الخدمة؛,"সেবাটির রিভার্স ইঞ্জিনিয়ারিং, ডিকম্পাইল বা ডিজঅ্যাসেম্বল করা;","Reverse Engineering, Dekompilierung oder Demontage des Dienstes;","Αντίστροφη μηχανική, αποσυμπίληση ή αποσυναρμολόγηση της Υπηρεσίας·","Reverse engineer, decompile, or disassemble the Service;","Realizar ingeniería inversa, descompilar o desensamblar el Servicio;",مهندسی معکوس، تجزیه یا بازتولید خدمات؛,"Procéder à de l'ingénierie inverse, décompiler ou désassembler le Service ;","להנדס לאחור, לפרק או לפתח את השירות;","सेवा का रिवर्स इंजीनियरिंग, डीकंपाइल या डिसअसेंबल करना;","A Szolgáltatás visszafejtése, dekompilálása vagy szétszedése;","Melakukan reverse engineering, mendekompilasi, atau membongkar Layanan;","Effettuare reverse engineering, decompilare o disassemblare il Servizio;",サービスのリバースエンジニアリング、逆コンパイル、または逆アセンブリ；,"서비스의 리버스 엔지니어링, 디컴파일 또는 디스어셈블;","Kejuruteraan songsang, menyahkompil atau membongkar Perkhidmatan;",ဝန်ဆောင်မှုကို ပြောင်းပြန်အင်ဂျင်နီယာ၊ ပြန်လည်စုစည်းခြင်း သို့မဟုတ် ခွဲခြမ်းခြင်း;,"Reverse engineering toe te passen, te decompileren of te disassembleren van de Service;","Inżynierii wstecznej, dekompilacji lub demontażu Usługi;","Fazer engenharia reversa, descompilar ou desmontar o Serviço;","Ingineria inversă, decompila sau dezasambla Serviciul;","Обратный инжиниринг, декомпиляцию или дизассемблирование Сервиса;","Obrnut inženjering, dekompajliranje ili rastavljanje Usluge;",วิศวกรรมย้อนกลับ ดีคอมไพล์ หรือแยกชิ้นส่วนบริการ,"Hizmeti tersine mühendislik yapma, derleme kodu çözme veya parçalarına ayırma;","Xizmatni teskari muhandislik qilish, dekompilatsiya qilish yoki qismlarga ajratish;","Kỹ thuật đảo ngược, dịch ngược hoặc tháo rời Dịch Vụ;",逆向工程、反编译或反汇编服务；,对服务进行逆向工程、反编译或反汇编；
terms_license_title,3. الترخيص,৩. লাইসেন্স,3. Lizenz,3. Άδεια Χρήσης,3. License,3. Licencia,۳. مجوز,3. Licence,3. רישיון,3. लाइसेंस,3. Licenc,3. Lisensi,3. Licenza,3. ライセンス,3. 라이선스,3. Lesen,၃။ လိုင်စင်,3. Licentie,3. Licencja,3. Licença,3. Licența,3. Лицензия,3. Licenca,3. ใบอนุญาต,3. Lisans,3. Litsenziya,3. Giấy Phép,3. 许可证,3. 许可证
terms_privacy_1,تم تصميم تطبيق Piyuo Counter مع مراعاة الخصوصية. يعالج التطبيق بيانات الفيديو محلياً على جهازك لأغراض اكتشاف الأشياء والعد.,পিয়ুও কাউন্টার অ্যাপটি গোপনীয়তার কথা মাথায় রেখে ডিজাইন করা হয়েছে। অ্যাপটি অবজেক্ট সনাক্তকরণ এবং গণনার উদ্দেশ্যে আপনার ডিভাইসে স্থানীয়ভাবে ভিডিও ডেটা প্রক্রিয়া করে।,Die Piyuo Counter App wurde mit Blick auf den Datenschutz entwickelt. Die App verarbeitet Videodaten lokal auf Ihrem Gerät für Objekterkennung und Zählzwecke.,Η εφαρμογή Piyuo Counter έχει σχεδιαστεί με γνώμονα την ιδιωτικότητα. Η εφαρμογή επεξεργάζεται δεδομένα βίντεο τοπικά στη συσκευή σας για σκοπούς ανίχνευσης και μέτρησης αντικειμένων.,The Piyuo Counter app is designed with privacy in mind. The app processes video data locally on your device for object detection and counting purposes.,La aplicación Piyuo Counter está diseñada teniendo en cuenta la privacidad. La aplicación procesa datos de video localmente en su dispositivo para fines de detección y conteo de objetos.,اپلیکیشن Piyuo Counter با در نظر گیری حریم خصوصی طراحی شده است. این اپلیکیشن داده‌های ویدیو را به صورت محلی روی دستگاه شما برای اهداف تشخیص و شمارش اشیاء پردازش می‌کند.,L'application Piyuo Counter est conçue en tenant compte de la confidentialité. L'application traite les données vidéo localement sur votre appareil à des fins de détection et de comptage d'objets.,אפליקציית Piyuo Counter מעוצבת עם זכירת הפרטיות. האפליקציה מעבדת נתוני וידאו מקומית במכשיר שלכם למטרות זיהוי וספירה של אובייקטים.,Piyuo Counter ऐप गोपनीयता को ध्यान में रखकर डिज़ाइन किया गया है। ऐप ऑब्जेक्ट डिटेक्शन और काउंटिंग उद्देश्यों के लिए आपके डिवाइस पर स्थानीय रूप से वीडियो डेटा प्रोसेस करता है।,"A Piyuo Counter alkalmazás az adatvédelmet szem előtt tartva készült. Az alkalmazás helyben, az Ön eszközén dolgozza fel a videoAdatokat objektumfelismerési és -számlálási célokra.",Aplikasi Piyuo Counter dirancang dengan mempertimbangkan privasi. Aplikasi memproses data video secara lokal di perangkat Anda untuk tujuan deteksi dan penghitungan objek.,L'app Piyuo Counter è progettata tenendo presente la privacy. L'app elabora i dati video localmente sul tuo dispositivo per scopi di rilevamento e conteggio degli oggetti.,Piyuo Counterアプリは、プライバシーを念頭に置いて設計されています。アプリは、オブジェクトの検出とカウントの目的で、お客様のデバイス上でローカルにビデオデータを処理します。,Piyuo Counter 앱은 개인정보 보호를 염두에 두고 설계되었습니다. 앱은 객체 감지 및 계산 목적으로 귀하의 기기에서 로컬로 비디오 데이터를 처리합니다.,Aplikasi Piyuo Counter direka bentuk dengan mengambil kira privasi. Aplikasi memproses data video secara tempatan pada peranti anda untuk tujuan pengesanan dan pengiraan objek.,Piyuo Counter အက်ပ်လီကေးရှင်းကို ကိုယ်ရေးကိုယ်တာကို ထည့်သွင်းစဉ်းစား၍ ဒီဇိုင်းပြုလုပ်ထားသည်။ အက်ပ်လီကေးရှင်းသည် အရာဝတ္ထု စစ်ဆေးခြင်းနှင့် ရေတွက်ခြင်း ရည်ရွယ်ချက်များအတွက် သင်၏စက်ပစ္စည်းပေါ်တွင် ဒေသတွင်းအားဖြင့် ဗီဒီယိုဒေတာကို လုပ်ဆောင်သည်။,De Piyuo Counter app is ontworpen met privacy in gedachten. De app verwerkt videogegevens lokaal op uw apparaat voor objectdetectie en teldoeleinden.,Aplikacja Piyuo Counter została zaprojektowana z myślą o prywatności. Aplikacja przetwarza dane wideo lokalnie na Twoim urządzeniu w celach wykrywania i liczenia obiektów.,O aplicativo Piyuo Counter é projetado com a privacidade em mente. O aplicativo processa dados de vídeo localmente no seu dispositivo para fins de detecção e contagem de objetos.,Aplicația Piyuo Counter este concepută cu confidențialitatea în minte. Aplicația procesează datele video local pe dispozitivul dvs. în scopuri de detectare și numărare a obiectelor.,Приложение Piyuo Counter разработано с учетом конфиденциальности. Приложение обрабатывает видеоданные локально на вашем устройстве для целей обнаружения и подсчета объектов.,Aplikacija Piyuo Counter je dizajnirana imajući privatnost na umu. Aplikacija obrađuje video podatke lokalno na vašem uređaju u svrhe otkrivanja i brojanja objekata.,แอป Piyuo Counter ได้รับการออกแบบโดยคำนึงถึงความเป็นส่วนตัว แอปประมวลผลข้อมูลวิดีโอในพื้นที่บนอุปกรณ์ของคุณเพื่อวัตถุประสงค์ในการตรวจจับและนับวัตถุ,"Piyuo Counter uygulaması mahremiyet gözetilerek tasarlanmıştır. Uygulama, nesne tespiti ve sayma amaçları için cihazınızda yerel olarak video verilerini işler.",Piyuo Counter ilovasi maxfiylikni hisobga olgan holda yaratilgan. Ilova ob'ektlarni aniqlash va sanash maqsadida qurilmangizda mahalliy ravishda video ma'lumotlarini qayta ishlaydi.,Ứng dụng Piyuo Counter được thiết kế với quyền riêng tư trong tâm trí. Ứng dụng xử lý dữ liệu video cục bộ trên thiết bị của bạn cho mục đích phát hiện và đếm đối tượng.,Piyuo Counter 应用程序在设计时考虑了隐私。该应用程序在您的设备上本地处理视频数据，用于目标检测和计数目的。,Piyuo Counter应用程序的设计考虑了隐私。应用程序在您的设备上本地处理视频数据，用于对象检测和计数目的。
terms_privacy_2,نحن لا نجمع أو نخزن أو نصل أو ننقل أي معلومات شخصية أو بيانات فيديو أو بيانات عد أو بيانات استخدام من التطبيق. تتم جميع المعالجات محلياً على جهازك.,"আমরা অ্যাপ থেকে কোনো ব্যক্তিগত তথ্য, ভিডিও ডেটা, গণনার ডেটা বা ব্যবহারের ডেটা সংগ্রহ, সংরক্ষণ, অ্যাক্সেস বা প্রেরণ করি না। সমস্ত প্রক্রিয়াকরণ আপনার ডিভাইসে স্থানীয়ভাবে ঘটে।","Wir sammeln, speichern, greifen nicht zu oder übertragen keine persönlichen Informationen, Videodaten, Zähldaten oder Nutzungsdaten von der App. Alle Verarbeitung erfolgt lokal auf Ihrem Gerät.","Δεν συλλέγουμε, αποθηκεύουμε, έχουμε πρόσβαση ή μεταδίδουμε οποιεσδήποτε προσωπικές πληροφορίες, δεδομένα βίντεο, δεδομένα μέτρησης ή δεδομένα χρήσης από την εφαρμογή. Όλη η επεξεργασία γίνεται τοπικά στη συσκευή σας.","We do not collect, store, access, or transmit any personal information, video data, count data, or usage data from the app. All processing happens locally on your device.","No recopilamos, almacenamos, accedemos ni transmitimos información personal, datos de video, datos de conteo o datos de uso de la aplicación. Todo el procesamiento ocurre localmente en su dispositivo.",ما هیچ اطلاعات شخصی، داده‌های ویدیو، داده‌های شمارش یا داده‌های استفاده را از اپلیکیشن جمع‌آوری، ذخیره، دسترسی یا ارسال نمی‌کنیم. تمام پردازش‌ها به صورت محلی روی دستگاه شما انجام می‌شود.,"Nous ne collectons, ne stockons, n'accédons ni ne transmettons aucune information personnelle, donnée vidéo, donnée de comptage ou donnée d'utilisation de l'application. Tout le traitement se fait localement sur votre appareil.","אנחנו לא אוספים, שומרים, ניגשים או מעבירים מידע אישי, נתוני וידאו, נתוני ספירה או נתוני שימוש מהאפליקציה. כל העיבוד קורה מקומית במכשיר שלכם.","हम ऐप से कोई भी व्यक्तिगत जानकारी, वीडियो डेटा, काउंट डेटा या उपयोग डेटा एकत्र, भंडारित, पहुंच या प्रसारित नहीं करते हैं। सभी प्रसंस्करण आपके डिवाइस पर स्थानीय रूप से होता है।","Nem gyűjtünk, tárolunk, nem férünk hozzá és nem továbbítunk semmilyen személyes információt, videoadatot, számlálási adatot vagy használati adatot az alkalmazásból. Minden feldolgozás helyben történik az Ön eszközén.","Kami tidak mengumpulkan, menyimpan, mengakses, atau mengirimkan informasi pribadi, data video, data hitungan, atau data penggunaan apa pun dari aplikasi. Semua pemrosesan terjadi secara lokal di perangkat Anda.","Non raccogliamo, archiviamo, accediamo o trasmettiamo alcuna informazione personale, dati video, dati di conteggio o dati di utilizzo dall'app. Tutta l'elaborazione avviene localmente sul tuo dispositivo.",当社は、アプリからの個人情報、ビデオデータ、カウントデータ、または使用データを収集、保存、アクセス、または送信いたしません。すべての処理は、お客様のデバイス上でローカルに行われます。,"당사는 앱으로부터 어떤 개인정보, 비디오 데이터, 계산 데이터 또는 사용 데이터도 수집, 저장, 접근 또는 전송하지 않습니다. 모든 처리는 귀하의 기기에서 로컬로 발생합니다.","Kami tidak mengumpul, menyimpan, mengakses atau menghantar sebarang maklumat peribadi, data video, data kiraan atau data penggunaan daripada aplikasi. Semua pemprosesan berlaku secara tempatan pada peranti anda.",ကျွန်ုပ်တို့သည် အက်ပ်လီကေးရှင်းမှ မည်သည့် ကိုယ်ရေးကိုယ်တာအချက်အလက်များ၊ ဗီဒီယိုဒေတာ၊ ရေတွက်မှုဒေတာ သို့မဟုတ် အသုံးပြုမှုဒေတာကိုမျှ စုဆောင်းခြင်း၊ သိမ်းဆည်းခြင်း၊ သုံးစွဲခြင်း သို့မဟုတ် ပေးပို့ခြင်း မပြုလုပ်ပါ။ လုပ်ဆောင်ချက်အားလုံးသည် သင်၏စက်ပစ္စည်းပေါ်တွင် ဒေသတွင်းအားဖြင့် ဖြစ်ပွားသည်။,"Wij verzamelen, bewaren, benaderen of verzenden geen persoonlijke informatie, videogegevens, telgegevens of gebruiksgegevens van de app. Alle verwerking gebeurt lokaal op uw apparaat.","Nie gromadzimy, nie przechowujemy, nie mamy dostępu ani nie przesyłamy żadnych danych osobowych, danych wideo, danych liczbowych lub danych użytkowania z aplikacji. Całe przetwarzanie odbywa się lokalnie na Twoim urządzeniu.","Não coletamos, armazenamos, acessamos ou transmitimos quaisquer informações pessoais, dados de vídeo, dados de contagem ou dados de uso do aplicativo. Todo o processamento acontece localmente no seu dispositivo.","Nu colectăm, nu stocăm, nu accesăm și nu transmitem nicio informație personală, date video, date de numărare sau date de utilizare din aplicație. Toată procesarea se întâmplă local pe dispozitivul dvs.","Мы не собираем, не храним, не получаем доступ и не передаем никакую личную информацию, видеоданные, данные подсчета или данные об использовании из приложения. Вся обработка происходит локально на вашем устройстве.","Ne prikupljamo, ne čuvamo, ne pristupamo niti ne prenasimo nikakve lične informacije, video podatke, podatke o brojanju ili podatke o korišćenju iz aplikacije. Sva obrada se dešava lokalno na vašem uređaju.",เราไม่รวบรวม จัดเก็บ เข้าถึง หรือส่งข้อมูลส่วนบุคคล ข้อมูลวิดีโอ ข้อมูลการนับ หรือข้อมูลการใช้งานใดๆ จากแอป การประมวลผลทั้งหมดเกิดขึ้นในพื้นที่บนอุปกรณ์ของคุณ,"Uygulamadan herhangi bir kişisel bilgi, video verisi, sayma verisi veya kullanım verisi toplamaz, saklamaz, erişmez veya iletiriz. Tüm işlemler cihazınızda yerel olarak gerçekleşir.","Biz ilovadan hech qanday shaxsiy ma'lumotlar, video ma'lumotlar, hisoblash ma'lumotlari yoki foydalanish ma'lumotlarini to'plamaymiz, saqlamaymiz, kirmaymiz yoki uzatmaymiz. Barcha qayta ishlash qurilmangizda mahalliy ravishda sodir bo'ladi.","Chúng tôi không thu thập, lưu trữ, truy cập hoặc truyền tải bất kỳ thông tin cá nhân, dữ liệu video, dữ liệu đếm hoặc dữ liệu sử dụng nào từ ứng dụng. Tất cả xử lý diễn ra cục bộ trên thiết bị của bạn.",我们不会收集、存储、访问或传输应用程序中的任何个人信息、视频数据、计数数据或使用数据。所有处理都在您的设备上本地进行。,我们不会从应用程序中收集、存储、访问或传输任何个人信息、视频数据、计数数据或使用数据。所有处理都在您的设备上本地进行。
terms_privacy_3,لمزيد من التفاصيل حول ممارسات الخصوصية لدينا، يرجى مراجعة سياسة الخصوصية الخاصة بنا على {privacy_link}.,"আমাদের গোপনীয়তা অনুশীলন সম্পর্কে আরো বিস্তারিত জানতে, অনুগ্রহ করে {privacy_link} এ আমাদের গোপনীয়তা নীতি পর্যালোচনা করুন।",Für weitere Details zu unseren Datenschutzpraktiken lesen Sie bitte unsere Datenschutzrichtlinie unter {privacy_link}.,"Για περισσότερες λεπτομέρειες σχετικά με τις πρακτικές ιδιωτικότητάς μας, παρακαλώ διαβάστε την Πολιτική Απορρήτου μας στο {privacy_link}.","For more details about our privacy practices, please review our Privacy Policy at {privacy_link}.","Para más detalles sobre nuestras prácticas de privacidad, revise nuestra Política de Privacidad en {privacy_link}.",برای جزئیات بیشتر در مورد شیوه‌های حریم خصوصی ما، لطفاً سیاست حریم خصوصی ما را در {privacy_link} مرور کنید.,"Pour plus de détails sur nos pratiques de confidentialité, veuillez consulter notre Politique de confidentialité à {privacy_link}.","לפרטים נוספים על שיטות הפרטיות שלנו, אנא עיינו במדיניות הפרטיות שלנו ב-{privacy_link}.","हमारी गोपनीयता प्रथाओं के बारे में अधिक जानकारी के लिए, कृपया {privacy_link} पर हमारी गोपनीयता नीति की समीक्षा करें।",Adatvédelmi gyakorlatunkról további részletekért tekintse meg Adatvédelmi szabályzatunkat a {privacy_link} címen.,"Untuk detail lebih lanjut tentang praktik privasi kami, silakan tinjau Kebijakan Privasi kami di {privacy_link}.","Per maggiori dettagli sulle nostre pratiche di privacy, consulta la nostra Informativa sulla Privacy su {privacy_link}.",当社のプライバシー慣行の詳細については、{privacy_link}にあるプライバシーポリシーをご確認ください。,당사의 개인정보 보호 관행에 대한 자세한 내용은 {privacy_link}에서 개인정보 보호정책을 검토하십시오.,"Untuk butiran lanjut tentang amalan privasi kami, sila semak Dasar Privasi kami di {privacy_link}.",ကျွန်ုပ်တို့၏ ကိုယ်ရေးကိုယ်တာ အလေ့အကျင့်များအကြောင်း အသေးစိတ်များအတွက်၊ ကျေးဇူးပြု၍ {privacy_link} တွင် ကျွန်ုပ်တို့၏ ကိုယ်ရေးကိုယ်တာ မူဝါဒကို ပြန်လည်သုံးသပ်ပါ။,"Voor meer details over onze privacypraktijken, bekijk ons Privacybeleid op {privacy_link}.","Aby uzyskać więcej szczegółów na temat naszych praktyk ochrony prywatności, zapoznaj się z naszą Polityką Prywatności pod adresem {privacy_link}.","Para mais detalhes sobre nossas práticas de privacidade, consulte nossa Política de Privacidade em {privacy_link}.","Pentru mai multe detalii despre practicile noastre de confidențialitate, vă rugăm să consultați Politica noastră de Confidențialitate la {privacy_link}.","Для получения более подробной информации о наших методах обеспечения конфиденциальности, пожалуйста, ознакомьтесь с нашей Политикой конфиденциальности по адресу {privacy_link}.","Za više detalja o našim praksama privatnosti, molimo pogledajte našu Politiku privatnosti na {privacy_link}.",สำหรับรายละเอียดเพิ่มเติมเกี่ยวกับแนวทางปฏิบัติด้านความเป็นส่วนตัวของเรา โปรดตรวจสอบนโยบายความเป็นส่วนตัวของเราที่ {privacy_link},Mahremiyet uygulamalarımız hakkında daha fazla ayrıntı için lütfen {privacy_link} adresindeki Gizlilik Politikamızı inceleyin.,Bizning maxfiylik amaliyotlarimiz haqida ko'proq ma'lumot olish uchun {privacy_link} da bizning Maxfiylik Siyosatimizni ko'rib chiqing.,"Để biết thêm chi tiết về các thực hành quyền riêng tư của chúng tôi, vui lòng xem Chính Sách Quyền Riêng Tư của chúng tôi tại {privacy_link}.",有关我们隐私做法的更多详细信息，请查看我们在 {privacy_link} 的隐私政策。,有关我们隐私做法的更多详细信息，请查看我们在{privacy_link}的隐私政策。
terms_privacy_title,5. الخصوصية والبيانات,৫. গোপনীয়তা এবং ডেটা,5. Datenschutz und Daten,5. Ιδιωτικότητα και Δεδομένα,5. Privacy and Data,5. Privacidad y Datos,۵. حریم خصوصی و داده‌ها,5. Confidentialité et données,5. פרטיות ונתונים,5. गोपनीयता और डेटा,5. Adatvédelem és adatok,5. Privasi dan Data,5. Privacy e Dati,5. プライバシーとデータ,5. 개인정보 보호 및 데이터,5. Privasi dan Data,၅။ ကိုယ်ရေးကိုယ်တာနှင့် ဒေတာ,5. Privacy en Gegevens,5. Prywatność i Dane,5. Privacidade e Dados,5. Confidențialitate și Date,5. Конфиденциальность и данные,5. Privatnost i podaci,5. ความเป็นส่วนตัวและข้อมูล,5. Mahremiyet ve Veri,5. Maxfiylik va Ma'lumotlar,5. Quyền Riêng Tư và Dữ Liệu,5. 隐私和数据,5. 隐私和数据
terms_severability,إذا تبين أن أي حكم من هذه الشروط غير قابل للتنفيذ أو غير صالح، فسيتم تغيير هذا الحكم وتفسيره لتحقيق أهداف هذا الحكم إلى أقصى حد ممكن في إطار القانون المعمول به، وستستمر الأحكام المتبقية سارية المفعول بالكامل. لا يُعتبر أي تنازل عن أي شرط من هذه الشروط تنازلاً مستمراً أو مستمراً عن هذا الشرط أو أي شرط آخر.,"এই শর্তাবলীর কোনো বিধান অপ্রয়োগযোগ্য বা অবৈধ বলে প্রমাণিত হলে, এই ধরনের বিধান প্রযোজ্য আইনের অধীনে সর্বোচ্চ সম্ভাব্য পরিমাণে এই বিধানের উদ্দেশ্যগুলি অর্জনের জন্য পরিবর্তিত এবং ব্যাখ্যা করা হবে, এবং অবশিষ্ট বিধানগুলি পূর্ণ শক্তিতে অব্যাহত থাকবে।","Sollte sich eine Bestimmung dieser Bedingungen als nicht durchsetzbar oder ungültig erweisen, wird diese Bestimmung geändert und so ausgelegt, dass die Ziele dieser Bestimmung im größtmöglichen Umfang nach geltendem Recht erreicht werden, und die verbleibenden Bestimmungen bleiben in vollem Umfang in Kraft.","Εάν οποιαδήποτε διάταξη αυτών των Όρων κριθεί μη εκτελέσιμη ή άκυρη, τέτοια διάταξη θα αλλάξει και θα ερμηνευθεί για να επιτύχει τους στόχους της.","If any provision of these Terms is held to be unenforceable or invalid, such provision will be changed and interpreted to accomplish the objectives of such provision to the greatest extent possible under applicable law, and the remaining provisions will continue in full force and effect. No waiver of any term of these Terms shall be deemed a further or continuing waiver of such term or any other term.","Si alguna disposición de estos Términos se considera inaplicable o inválida, dicha disposición se modificará e interpretará para lograr los objetivos de dicha disposición en la mayor medida posible bajo la ley aplicable.",اگر هر بخشی از این شرایط غیرقابل اجرا یا نامعتبر تشخیص داده شود، چنین بخشی تغییر خواهد کرد و برای دستیابی به اهداف آن تفسیر می‌شود.,"Si une disposition de ces Conditions est jugée inapplicable ou invalide, cette disposition sera modifiée et interprétée pour accomplir les objectifs de cette disposition dans la mesure maximale possible sous la loi applicable, et les dispositions restantes continueront en pleine force et effet.","אם איזה הוראה מהתנאים הללו תיחשב כלא ניתנת לאכיפה או לא חוקית, הוראה כזו תשונה ותתפרש כדי להשיג את מטרותיה.","यदि इन शर्तों का कोई भी प्रावधान अप्रवर्तनीय या अमान्य माना जाता है, तो ऐसे प्रावधान को लागू कानून के तहत अधिकतम संभावित सीमा तक ऐसे प्रावधान के उद्देश्यों को पूरा करने के लिए बदला और व्याख्यायित किया जाएगा, और शेष प्रावधान पूर्ण बल और प्रभाव में जारी रहेंगे।","Ha ezen Feltételek bármely rendelkezése végrehajthatatlannak vagy érvénytelennek bizonyul, az ilyen rendelkezést úgy kell módosítani és értelmezni, hogy az alkalmazandó jog szerinti legnagyobb lehetséges mértékben elérje az adott rendelkezés célkitűzéseit, és a fennmaradó rendelkezések teljes hatályban maradnak. Ezen Feltételek bármely kifejezéséről való lemondás nem tekintendő az adott kifejezés vagy bármely más kifejezés további vagy folyamatos lemondásának.","Jika ketentuan apa pun dari Syarat ini dianggap tidak dapat dilaksanakan atau tidak valid, ketentuan tersebut akan diubah dan ditafsirkan untuk mencapai tujuannya.","Se qualsiasi disposizione di questi Termini è ritenuta inapplicabile o invalida, tale disposizione sarà modificata e interpretata per realizzare gli obiettivi di tale disposizione nella massima misura possibile secondo la legge applicabile, e le disposizioni rimanenti continueranno in piena forza ed effetto.",これらの規約のいずれかの条項が執行不能または無効とされた場合、そのような条項は、適用法の下で可能な最大限の範囲でそのような条項の目的を達成するように変更され解釈され、残りの条項は完全な効力を持って継続します。,"본 약관의 어떤 조항이 시행 불가능하거나 무효한 것으로 간주되는 경우, 그러한 조항은 적용법 하에서 가능한 최대 범위까지 그러한 조항의 목적을 달성하도록 변경되고 해석되며, 나머지 조항들은 완전한 효력으로 계속 유효합니다.","Jika mana-mana peruntukan Syarat ini dianggap tidak boleh dikuatkuasakan atau tidak sah, peruntukan tersebut akan diubah dan ditafsirkan untuk mencapai objektif peruntukan tersebut pada tahap yang paling besar di bawah undang-undang yang berkenaan, dan peruntukan yang tinggal akan terus berkuat kuasa penuh dan berkesan. Tiada penepian mana-mana terma Syarat ini akan dianggap sebagai penepian selanjutnya atau berterusan bagi terma tersebut atau mana-mana terma lain.",ဤစည်းမျဉ်းများ၏ မည်သည့်ပြဌာန်းချက်မဆို အကောင်အထည်မဖော်နိုင်သော သို့မဟုတ် တရားမဝင်သော ဟုတွေ့ရှိပါက၊ ထိုပြဌာန်းချက်ကို သက်ဆိုင်ရာဥပဒေအရ ဖြစ်နိုင်သမျှ အများဆုံးအတိုင်းအတာအထိ ထိုပြဌာန်းချက်၏ ရည်မှန်းချက်များကို အောင်မြင်စေရန် ပြောင်းလဲပြီး အဓိပ္పာယ်ဖွင့်ဆိုမည်ဖြစ်ပြီး၊ ကျန်ရှိနေသည့် ပြဌာန်းချက်များသည် အပြည့်အဝ အားနှင့် အကျိုးသက်ရောက်မှုဖြင့် ဆက်လက်ရှိနေမည်။ ဤစည်းမျဉ်းများ၏ မည်သည့်စည်းကမ်းချက်ကိုမဆို လွတ်ငြိမ်းခွင့်ပေးခြင်းကို ထိုစည်းကမ်းချက် သို့မဟုတ် အခြားမည်သည့်စည်းကမ်းချက်၏ နောက်ထပ် သို့မဟုတ် ဆက်တိုက် လွတ်ငြိမ်းခွင့်အဖြစ် မယူဆရပါ။,"Als enige bepaling van deze Voorwaarden niet-afdwingbaar of ongeldig wordt geacht, zal een dergelijke bepaling worden gewijzigd en geïnterpreteerd om de doelstellingen van een dergelijke bepaling te bereiken voor zover maximaal mogelijk onder de toepasselijke wet, en de resterende bepalingen zullen van kracht blijven.","Jeśli jakiekolwiek postanowienie niniejszego Regulaminu zostanie uznane za niewykonalne lub nieważne, takie postanowienie zostanie zmienione i zinterpretowane w celu osiągnięcia celów takiego postanowienia w najszerszym możliwym zakresie zgodnie z obowiązującym prawem, a pozostałe postanowienia będą nadal obowiązywać w pełnej mocy. Żadne zrzeczenie się jakiegokolwiek terminu niniejszego Regulaminu nie będzie uznane za dalsze lub ciągłe zrzeczenie się takiego terminu lub jakiegokolwiek innego terminu.","Se qualquer disposição destes Termos for considerada inexequível ou inválida, tal disposição será alterada e interpretada para realizar os objetivos de tal disposição na máxima extensão possível sob a lei aplicável, e as disposições restantes continuarão em pleno vigor e efeito.","Dacă orice prevedere a acestor Termeni este considerată inaplicabilă sau invalidă, o astfel de prevedere va fi modificată și interpretată pentru a îndeplini obiectivele unei astfel de prevederi în măsura cea mai mare posibilă sub legea aplicabilă, iar prevederile rămase vor continua în vigoare deplină. Nicio renunțare la orice termen al acestor Termeni nu va fi considerată o renunțare ulterioară sau continuă la un astfel de termen sau orice alt termen.","Если любое положение этих Условий будет признано неисполнимым или недействительным, такое положение будет изменено и истолковано для достижения целей такого положения в максимальной степени, возможной в соответствии с применимым правом, и остальные положения будут продолжать действовать в полной мере.","Ako se bilo koja odredba ovih Uslova smatra neizvršljivom ili nevažećom, takva odredba će biti promenjena i tumačena da postigne ciljeve takve odredbe u najvećoj mogućoj meri pod primenjivim zakonom, a preostale odredbe će nastaviti da važe u punoj snazi i dejstvu. Nikakvo odricanje bilo kog termina ovih Uslova neće se smatrati dalim ili kontinuiranim odricanjem takvog termina ili bilo kog drugog termina.",หากข้อกำหนดใดๆ ของข้อกำหนดเหล่านี้ถือว่าไม่สามารถบังคับใช้ได้หรือไม่ถูกต้อง ข้อกำหนดดังกล่าวจะถูกเปลี่ยนแปลงและตีความเพื่อให้บรรลุวัตถุประสงค์ของข้อกำหนดดังกล่าวในขอบเขตสูงสุดที่เป็นไปได้ภายใต้กฎหมายที่บังคับใช้ และข้อกำหนดที่เหลือจะยังคงมีผลบังคับใช้อย่างเต็มที่,"Bu Şartların herhangi bir hükmü uygulanamaz veya geçersiz olarak kabul edilirse, bu hüküm geçerli hukuk altında mümkün olan azami ölçüde bu hükmün amaçlarını gerçekleştirmek için değiştirilecek ve yorumlanacak ve kalan hükümler tam güç ve etkili olmaya devam edecektir.","Agar ushbu Shartlarning biron bir qismi ijro etilmaydigan yoki noto'g'ri deb topilsa, bunday qism o'zgartiriladi va qolgan qoidalar to'liq kuchda qoladi.","Nếu bất kỳ điều khoản nào của các Điều Khoản này được coi là không thể thực thi hoặc không hợp lệ, điều khoản đó sẽ được thay đổi và giải thích để hoàn thành các mục tiêu của điều khoản đó trong phạm vi tối đa có thể theo luật pháp hiện hành, và các điều khoản còn lại sẽ tiếp tục có hiệu lực đầy đủ.",如果这些条款的任何条款被认为不可执行或无效，则该条款将被更改和解释，以在适用法律下最大程度地实现该条款的目标，其余条款将继续完全有效。,如果这些条款的任何条款被认为是不可执行或无效的，该条款将被更改和解释，以在适用法律下尽可能最大程度地实现该条款的目标，其余条款将继续充分有效。
terms_severability_title,11. القابلية للفصل والتنازل,১১. বিভাজ্যতা এবং মওকুফ,11. Salvatorische Klausel und Verzicht,11. Διαχωρισμός και Παραίτηση,11. Severability and Waiver,11. Divisibilidad y Renuncia,۱۱. تفکیک‌پذیری و چشم‌پوشی,11. Divisibilité et renonciation,11. הפרדה וויתור,11. विभाज्यता और छूट,11. Elválaszthatóság és lemondás,11. Keterpisahan dan Pengabaian,11. Divisibilità e Rinuncia,11. 分離可能性と権利放棄,11. 분리가능성 및 권리포기,11. Kebolehpisahan dan Penepian,၁၁။ ခွဲခြားနိုင်မှုနှင့် လွတ်ငြိမ်းခွင့်,11. Deelbaarheid en Afstand,11. Rozdzielność i Zrzeczenie się,11. Divisibilidade e Renúncia,11. Separabilitate și Renunțare,11. Делимость и отказ от прав,11. Odvojivost i odricanje,11. การแยกส่วนและการสละสิทธิ์,11. Ayrılabilirlik ve Feragat,11. Ajratish va Voz Kechish,11. Tính Tách Rời và Từ Bỏ,11. 可分割性和弃权,11. 可分割性和弃权
terms_support,يتم تقديم Piyuo Counter مجاناً. نحن غير ملزمين بتقديم الصيانة أو الدعم الفني أو التحديثات أو الترقيات للخدمة. نحتفظ بالحق في تعديل أو تعليق أو إيقاف الخدمة أو أي خدمة تتصل بها، مؤقتاً أو دائماً، مع أو بدون إشعار ودون مسؤولية تجاهك.,"পিয়ুও কাউন্টার বিনামূল্যে প্রদান করা হয়। আমরা সেবার জন্য রক্ষণাবেক্ষণ, প্রযুক্তিগত সহায়তা, আপডেট বা আপগ্রেড প্রদান করতে বাধ্য নই। আমরা বিজ্ঞপ্তি সহ বা ছাড়া এবং আপনার প্রতি কোনো দায়বদ্ধতা ছাড়াই সাময়িক বা স্থায়ীভাবে সেবা বা এর সাথে সংযুক্ত যে কোনো সেবা পরিবর্তন, স্থগিত বা বন্ধ করার অধিকার সংরক্ষণ করি।","Piyuo Counter wird kostenlos bereitgestellt. Wir sind nicht verpflichtet, Wartung, technischen Support, Updates oder Upgrades für den Dienst bereitzustellen. Wir behalten uns das Recht vor, den Dienst oder jeden Dienst, mit dem er sich verbindet, vorübergehend oder dauerhaft zu modifizieren, auszusetzen oder einzustellen, mit oder ohne Benachrichtigung und ohne Haftung Ihnen gegenüber.","Το Piyuo Counter παρέχεται δωρεάν. Δεν έχουμε υποχρέωση να παρέχουμε συντήρηση, τεχνική υποστήριξη, ενημερώσεις ή αναβαθμίσεις για την Υπηρεσία.","Piyuo Counter is provided free of charge. We are under no obligation to provide maintenance, technical support, updates, or upgrades for the Service. We reserve the right to modify, suspend, or discontinue, temporarily or permanently, the Service or any service to which it connects, with or without notice and without liability to you.","Piyuo Counter se proporciona gratuitamente. No estamos bajo obligación alguna de proporcionar mantenimiento, soporte técnico, actualizaciones o mejoras para el Servicio.",Piyuo Counter به صورت رایگان ارائه می‌شود. ما تعهدی برای ارائه نگهداری، پشتیبانی فنی، به‌روزرسانی یا ارتقاء برای خدمات نداریم.,"Piyuo Counter est fourni gratuitement. Nous n'avons aucune obligation de fournir une maintenance, un support technique, des mises à jour ou des améliorations pour le Service. Nous nous réservons le droit de modifier, suspendre ou interrompre, temporairement ou définitivement, le Service ou tout service auquel il se connecte, avec ou sans préavis et sans responsabilité envers vous.","Piyuo Counter מסופק בחינם. אנחנו לא מחויבים לספק תחזוקה, תמיכה טכנית, עדכונים או שדרוגים לשירות.","Piyuo Counter निःशुल्क प्रदान किया जाता है। हमारी सेवा के लिए रखरखाव, तकनीकी सहायता, अपडेट या अपग्रेड प्रदान करने की कोई बाध्यता नहीं है। हम सेवा या इससे जुड़ी किसी भी सेवा को अस्थायी या स्थायी रूप से संशोधित, निलंबित या बंद करने का अधिकार सुरक्षित रखते हैं, सूचना के साथ या बिना और आपके प्रति बिना किसी दायित्व के।","A Piyuo Counter ingyenesen kerül biztosításra. Nem vagyunk kötelesek karbantartást, műszaki támogatást, frissítéseket vagy fejlesztéseket nyújtani a Szolgáltatáshoz. Fenntartjuk a jogot a Szolgáltatás vagy bármely kapcsolódó szolgáltatás ideiglenes vagy végleges módosítására, felfüggesztésére vagy megszüntetésére, értesítéssel vagy anélkül, és Önnel szemben való felelősség nélkül.","Piyuo Counter disediakan gratis. Kami tidak berkewajiban untuk memberikan pemeliharaan, dukungan teknis, pembaruan, atau peningkatan untuk Layanan.","Piyuo Counter è fornito gratuitamente. Non abbiamo alcun obbligo di fornire manutenzione, supporto tecnico, aggiornamenti o upgrade per il Servizio. Ci riserviamo il diritto di modificare, sospendere o interrompere, temporaneamente o permanentemente, il Servizio o qualsiasi servizio a cui si connette, con o senza preavviso e senza responsabilità nei tuoi confronti.",Piyuo Counterは無料で提供されます。当社は、サービスのメンテナンス、技術サポート、アップデート、またはアップグレードを提供する義務はありません。当社は、通知の有無にかかわらず、お客様への責任なしに、一時的または永続的に、サービスまたはそれが接続するサービスを修正、停止、または中止する権利を留保します。,"Piyuo Counter는 무료로 제공됩니다. 당사는 서비스에 대한 유지보수, 기술 지원, 업데이트 또는 업그레이드를 제공할 의무가 없습니다. 당사는 귀하에 대한 책임 없이 통지 여부와 관계없이 일시적 또는 영구적으로 서비스 또는 연결되는 서비스를 수정, 중단 또는 중지할 권리를 보유합니다.","Piyuo Counter disediakan secara percuma. Kami tidak di bawah sebarang kewajipan untuk menyediakan penyelenggaraan, sokongan teknikal, kemas kini atau naik taraf untuk Perkhidmatan. Kami berhak untuk mengubah suai, menggantung atau menghentikan, sementara atau kekal, Perkhidmatan atau apa-apa perkhidmatan yang disambungkannya, dengan atau tanpa notis dan tanpa liabiliti kepada anda.",Piyuo Counter ကို အခမဲ့ ပေးအပ်သည်။ ကျွန်ုပ်တို့သည် ဝန်ဆောင်မှုအတွက် ပြုပြင်ထိန်းသိမ်းမှု၊ နည်းပညာပံ့ပိုးမှု၊ အပ်ဒိတ်များ သို့မဟုတ် အဆင့်မြှင့်တင်ခြင်းများ ပေးအပ်ရန် မည်သည့်တာဝန်ဝတ္တရားမျှ မရှိပါ။ ကျွန်ုပ်တို့သည် ဝန်ဆောင်မှု သို့မဟုတ် ၎င်းနှင့်ချိတ်ဆက်ထားသည့် မည်သည့်ဝန်ဆောင်မှုကိုမဆို အသိပေးချက်ရှိစေ မရှိစေ နှင့် သင့်အပေါ် တာဝန်ဝတ္တရားမရှိဘဲ၊ ယာယီ သို့မဟုတ် အမြဲတမ်း မွမ်းမံခြင်း၊ ရပ်ဆိုင်းခြင်း သို့မဟုတ် ရပ်ဆိုင်းခြင်းတို့ကို ပြုလုပ်ပိုင်ခွင့်ကို သိမ်းထားသည်။,"Piyuo Counter wordt gratis geleverd. Wij zijn niet verplicht om onderhoud, technische ondersteuning, updates of upgrades voor de Service te bieden. Wij behouden ons het recht voor om de Service of enige service waarmee deze verbinding maakt tijdelijk of permanent te wijzigen, op te schorten of stop te zetten, met of zonder kennisgeving en zonder aansprakelijkheid jegens u.","Piyuo Counter jest dostarczany bezpłatnie. Nie mamy obowiązku świadczenia konserwacji, wsparcia technicznego, aktualizacji lub ulepszeń dla Usługi. Zastrzegamy sobie prawo do modyfikacji, zawieszenia lub zaprzestania, tymczasowo lub na stałe, Usługi lub jakiejkolwiek usługi, z którą się łączy, z powiadomieniem lub bez powiadomienia i bez odpowiedzialności wobec Ciebie.","O Piyuo Counter é fornecido gratuitamente. Não temos obrigação de fornecer manutenção, suporte técnico, atualizações ou upgrades para o Serviço. Reservamo-nos o direito de modificar, suspender ou descontinuar, temporária ou permanentemente, o Serviço ou qualquer serviço ao qual se conecta, com ou sem aviso e sem responsabilidade para com você.","Piyuo Counter este furnizat gratuit. Nu avem nicio obligație de a furniza întreținere, suport tehnic, actualizări sau îmbunătățiri pentru Serviciu. Ne rezervăm dreptul de a modifica, suspenda sau întrerupe, temporar sau permanent, Serviciul sau orice serviciu la care se conectează, cu sau fără notificare și fără răspundere față de dvs.","Piyuo Counter предоставляется бесплатно. Мы не обязаны предоставлять техническое обслуживание, техническую поддержку, обновления или модернизации для Сервиса. Мы оставляем за собой право изменять, приостанавливать или прекращать, временно или постоянно, Сервис или любой сервис, к которому он подключается, с уведомлением или без него и без ответственности перед вами.","Piyuo Counter se pruža besplatno. Nismo u obavezi da pružimo održavanje, tehničku podršku, ažuriranja ili poboljšanja za Uslugu. Zadržavamo pravo da modifikujemo, suspendujemo ili prekinemo, privremeno ili trajno, Uslugu ili bilo koju uslugu sa kojom se povezuje, sa ili bez obaveštenja i bez odgovornosti prema vama.",Piyuo Counter จัดให้ฟรี เราไม่มีภาระหน้าที่ในการให้การบำรุงรักษา การสนับสนุนทางเทคนิค การอัปเดต หรือการอัปเกรดสำหรับบริการ เราขอสงวนสิทธิ์ในการปรับเปลี่ยน ระงับ หรือยกเลิกบริการหรือบริการใดๆ ที่เชื่อมต่อ ชั่วคราวหรือถาวร ไม่ว่าจะมีการแจ้งให้ทราบหรือไม่ และไม่มีความรับผิดชอบต่อคุณ,"Piyuo Counter ücretsiz olarak sağlanır. Hizmet için bakım, teknik destek, güncellemeler veya yükseltmeler sağlama yükümlülüğümüz yoktur. Hizmeti veya bağlandığı herhangi bir hizmeti geçici veya kalıcı olarak, bildirimli veya bildirimsiz ve size karşı sorumluluk olmaksızın değiştirme, askıya alma veya durdurma hakkını saklı tutarız.","Piyuo Counter bepul taqdim etiladi. Biz Xizmat uchun texnik xizmat ko'rsatish, texnik yordam, yangilanishlar yoki yangilashlar taqdim etishga majbur emasmiz.","Piyuo Counter được cung cấp miễn phí. Chúng tôi không có nghĩa vụ cung cấp bảo trì, hỗ trợ kỹ thuật, cập nhật hoặc nâng cấp cho Dịch Vụ. Chúng tôi bảo lưu quyền sửa đổi, tạm ngưng hoặc ngừng, tạm thời hoặc vĩnh viễn, Dịch Vụ hoặc bất kỳ dịch vụ nào mà nó kết nối, có hoặc không có thông báo và không có trách nhiệm đối với bạn.",Piyuo Counter 免费提供。我们没有义务为服务提供维护、技术支持、更新或升级。我们保留随时修改、暂停或终止服务或其连接的任何服务的权利，无论是否通知您。,Piyuo Counter免费提供。我们没有义务为服务提供维护、技术支持、更新或升级。我们保留在有或没有通知的情况下，临时或永久地修改、暂停或停止服务或其连接的任何服务的权利，并且对您不承担责任。
terms_support_title,8. عدم وجود دعم أو صيانة,৮. কোনো সহায়তা বা রক্ষণাবেক্ষণ নেই,8. Kein Support oder Wartung,8. Χωρίς Υποστήριξη ή Συντήρηση,8. No Support or Maintenance,8. Sin Soporte o Mantenimiento,۸. عدم پشتیبانی یا نگهداری,8. Aucun support ou maintenance,8. אין תמיכה או תחזוקה,8. कोई समर्थन या रखरखाव नहीं,8. Nincs támogatás vagy karbantartás,8. Tidak Ada Dukungan atau Pemeliharaan,8. Nessun Supporto o Manutenzione,8. サポートまたはメンテナンスなし,8. 지원 또는 유지보수 없음,8. Tiada Sokongan atau Penyelenggaraan,၈။ ပံ့ပိုးမှု သို့မဟုတ် ပြုပြင်ထိန်းသိမ်းမှု မရှိခြင်း,8. Geen Ondersteuning of Onderhoud,8. Brak Wsparcia lub Konserwacji,8. Nenhum Suporte ou Manutenção,8. Fără Suport sau Întreținere,8. Отсутствие поддержки или обслуживания,8. Nema podrške ili održavanja,8. ไม่มีการสนับสนุนหรือการบำรุงรักษา,8. Destek veya Bakım Yok,8. Qo'llab-quvvatlash yoki Texnik Xizmat Yo'q,8. Không Có Hỗ Trợ hoặc Bảo Trì,8. 无支持或维护,8. 无支持或维护
terms_title,شروط الخدمة لتطبيق Piyuo Counter,পিয়ুও কাউন্টারের সেবার শর্তাবলী,Nutzungsbedingungen für Piyuo Counter,Όροι Χρήσης για το Piyuo Counter,Terms of Service for Piyuo Counter,Términos de Servicio para Piyuo Counter,شرایط خدمات برای Piyuo Counter,Conditions d'utilisation pour Piyuo Counter,תנאי שירות עבור Piyuo Counter,Piyuo Counter के लिए सेवा की शर्तें,Szolgáltatási feltételek a Piyuo Counter alkalmazáshoz,Syarat dan Ketentuan untuk Piyuo Counter,Termini di Servizio per Piyuo Counter,Piyuo Counterサービス利用規約,Piyuo Counter 서비스 이용약관,Syarat Perkhidmatan untuk Piyuo Counter,Piyuo Counter အတွက် ဝန်ဆောင်မှု စည်းမျဉ်းများ,Servicevoorwaarden voor Piyuo Counter,Regulamin Usługi dla Piyuo Counter,Termos de Serviço para Piyuo Counter,Termeni și Condiții pentru Piyuo Counter,Условия обслуживания для Piyuo Counter,Uslovi korišćenja za Piyuo Counter,ข้อกำหนดการบริการสำหรับ Piyuo Counter,Piyuo Counter İçin Hizmet Şartları,Piyuo Counter Xizmat Shartlari,Điều Khoản Dịch Vụ cho Piyuo Counter,Piyuo Counter 服务条款,Piyuo Counter 服务条款
terms_use_harm,بأي طريقة يمكن أن تعطل أو تثقل أو تضر أو تضعف الخدمة؛,"সেবাটিকে নিষ্ক্রিয়, অতিরিক্ত চাপে, ক্ষতিগ্রস্ত বা দুর্বল করতে পারে এমন কোনো উপায়ে;","Auf eine Weise, die den Dienst deaktivieren, überlasten, beschädigen oder beeinträchtigen könnte;","Με τρόπο που θα μπορούσε να απενεργοποιήσει, να υπερφορτώσει, να βλάψει ή να επηρεάσει την Υπηρεσία·","In any way that could disable, overburden, damage, or impair the Service;","De cualquier manera que pueda deshabilitar, sobrecargar, dañar o perjudicar el Servicio;",به روشی که می‌تواند خدمات را غیرفعال، بارگذاری بیش از حد، آسیب یا اختلال کند؛,"D'une manière qui pourrait désactiver, surcharger, endommager ou nuire au Service ;","בכל דרך שעלולה להשבית, להעמיס יתר על המידה, לפגוע או לפגוע בשירות;","किसी भी तरीके से जो सेवा को अक्षम, अधिभारित, क्षतिग्रस्त या बिगाड़ सकता है;","Olyan módon, amely letilthatja, túlterhelheti, károsíthatja vagy ronthatja a Szolgáltatást;","Dengan cara yang dapat menonaktifkan, membebani secara berlebihan, merusak, atau mengganggu Layanan;","In qualsiasi modo che potrebbe disabilitare, sovraccaricare, danneggiare o compromettere il Servizio;",サービスを無効化、過負荷、損傷、または障害を与える可能性がある方法で；,"서비스를 비활성화, 과부하, 손상 또는 방해할 수 있는 방법으로;","Dalam apa jua cara yang boleh melumpuhkan, membebankan, merosakkan atau menjejaskan Perkhidmatan;",ဝန်ဆောင်မှုကို ပိတ်ပင်ခြင်း၊ အလွန်အမင်းဝန်ချခြင်း၊ ပျက်စီးစေခြင်း သို့မဟုတ် ထိခိုက်စေနိုင်သည့် မည်သည့်နည်းလမ်းဖြင့်မဆို;,"Op enige wijze die de Service zou kunnen uitschakelen, overbelasten, beschadigen of aantasten;","W sposób, który mógłby wyłączyć, przeciążyć, uszkodzić lub pogorszyć Usługę;","De qualquer forma que possa desabilitar, sobrecarregar, danificar ou prejudicar o Serviço;","În orice mod care ar putea dezactiva, supraîncărca, deteriora sau afecta Serviciul;","Любым способом, который может отключить, перегрузить, повредить или нарушить работу Сервиса;","Na bilo koji način koji bi mogao da onemogući, preoptereti, ošteti ili umanji Uslugu;",ในลักษณะใดๆ ที่อาจทำให้บริการหยุดทำงาน เกินกำลัง เสียหาย หรือด้อยค่าลง,"Hizmeti devre dışı bırakabilecek, aşırı yükleyebilecek, zarar verebilecek veya bozabilecek herhangi bir şekilde;","Xizmatni o'chirish, haddan tashqari yuklash, zarar berish yoki buzish mumkin bo'lgan har qanday usulda;","Theo bất kỳ cách nào có thể vô hiệu hóa, quá tải, làm hỏng hoặc làm suy giảm Dịch Vụ;",以任何可能禁用、使负担过重、损害或损害服务的方式；,以可能禁用、超载、损害或损伤服务的方式；
terms_use_illegal,بأي طريقة تنتهك أي قانون أو لائحة فيدرالية أو حكومية أو محلية أو دولية سارية؛,"কোনো প্রযোজ্য ফেডারেল, রাজ্য, স্থানীয় বা আন্তর্জাতিক আইন বা নিয়মাবলী লঙ্ঘন করে এমন কোনো উপায়ে;","Auf eine Weise, die geltende Bundes-, Landes-, lokale oder internationale Gesetze oder Vorschriften verletzt;","Με τρόπο που παραβιάζει οποιονδήποτε εφαρμοστέο ομοσπονδιακό, κρατικό, τοπικό ή διεθνή νόμο ή κανονισμό·","In any way that violates any applicable federal, state, local, or international law or regulation;","De cualquier manera que viole cualquier ley o regulación federal, estatal, local o internacional aplicable;",به روشی که قوانین یا مقررات فدرال، ایالتی، محلی یا بین‌المللی قابل اجرا را نقض کند؛,"D'une manière qui viole toute loi ou réglementation fédérale, étatique, locale ou internationale applicable ;","בכל דרך שמפרה חוק או תקנה פדרליים, מדינתיים, מקומיים או בינלאומיים החלים;","किसी भी तरीके से जो किसी भी लागू संघीय, राज्य, स्थानीय या अंतर्राष्ट्रीय कानून या नियम का उल्लंघन करता है;","Olyan módon, amely sérti bármely alkalmazandó szövetségi, állami, helyi vagy nemzetközi törvényt vagy rendeletet;","Dengan cara apa pun yang melanggar hukum atau peraturan federal, negara bagian, lokal, atau internasional yang berlaku;","In qualsiasi modo che violi qualsiasi legge o regolamento federale, statale, locale o internazionale applicabile;",適用される連邦、州、地方、または国際的な法律や規制に違反する方法で；,"적용되는 연방, 주, 지방 또는 국제 법률이나 규정을 위반하는 방법으로;","Dalam apa jua cara yang melanggar mana-mana undang-undang atau peraturan persekutuan, negeri, tempatan atau antarabangsa yang berkenaan;",သက်ဆိုင်ရာ ဖက်ဒရယ်၊ ပြည်နယ်၊ ဒေသတွင်း သို့မဟုတ် အပြည်ပြည်ဆိုင်ရာ ဥပဒေ သို့မဟုတ် စည်းမျဉ်းများကို ချိုးဖောက်သည့် မည်သည့်နည်းလမ်းဖြင့်မဆို;,"Op enige wijze die enige toepasselijke federale, statelijke, lokale of internationale wet of regelgeving overtreedt;","W sposób naruszający jakiekolwiek obowiązujące prawo federalne, stanowe, lokalne lub międzynarodowe bądź przepisy;","De qualquer forma que viole qualquer lei ou regulamento federal, estadual, local ou internacional aplicável;","În orice mod care încalcă orice lege sau reglementare federală, de stat, locală sau internațională aplicabilă;","Любым способом, который нарушает любые применимые федеральные, государственные, местные или международные законы или правила;","Na bilo koji način koji krši bilo koji primenljiv federalni, državni, lokalni ili međunarodni zakon ili propise;",ในลักษณะใดๆ ที่ละเมิดกฎหมายหรือข้อบังคับของรัฐบาลกลาง รัฐ ท้องถิ่น หรือระหว่างประเทศที่บังคับใช้,"Geçerli federal, eyalet, yerel veya uluslararası yasa veya düzenlemeleri ihlal eden herhangi bir şekilde;","Har qanday federal, davlat, mahalliy yoki xalqaro qonun yoki qoidalarni buzadigan har qanday usulda;","Theo bất kỳ cách nào vi phạm bất kỳ luật pháp hoặc quy định liên bang, tiểu bang, địa phương hoặc quốc tế hiện hành;",以任何违反任何适用的联邦、州、地方或国际法律或法规的方式；,以违反任何适用的联邦、州、地方或国际法律或法规的方式；
terms_use_intro,توافق على استخدام الخدمة للأغراض القانونية فقط ووفقاً لهذه الشروط. توافق على عدم استخدام الخدمة:,আপনি শুধুমাত্র বৈধ উদ্দেশ্যে এবং এই শর্তাবলী অনুযায়ী সেবাটি ব্যবহার করতে সম্মত হন। আপনি সেবাটি নিম্নলিখিত উপায়ে ব্যবহার না করতে সম্মত হন:,"Sie stimmen zu, den Dienst nur für rechtmäßige Zwecke und in Übereinstimmung mit diesen Bedingungen zu nutzen. Sie stimmen zu, den Dienst nicht zu verwenden:",Συμφωνείτε να χρησιμοποιείτε την Υπηρεσία μόνο για νόμιμους σκοπούς και σύμφωνα με αυτούς τους Όρους. Συμφωνείτε να μη χρησιμοποιείτε την Υπηρεσία:,You agree to use the Service only for lawful purposes and in accordance with these Terms. You agree not to use the Service:,Acepta usar el Servicio solo para fines legales y de acuerdo con estos Términos. Acepta no usar el Servicio:,شما موافقت می‌کنید که از خدمات فقط برای اهداف قانونی و طبق این شرایط استفاده کنید. شما موافقت می‌کنید که از خدمات استفاده نکنید:,Vous acceptez d'utiliser le Service uniquement à des fins légales et conformément à ces Conditions. Vous acceptez de ne pas utiliser le Service :,אתם מסכימים להשתמש בשירות רק למטרות חוקיות ובהתאם לתנאים הללו. אתם מסכימים לא להשתמש בשירות:,आप केवल वैध उद्देश्यों के लिए और इन शर्तों के अनुसार सेवा का उपयोग करने के लिए सहमत हैं। आप निम्नलिखित तरीकों से सेवा का उपयोग न करने के लिए सहमत हैं:,"Beleegyezik, hogy a Szolgáltatást csak törvényes célokra és ezen Feltételeknek megfelelően használja. Beleegyezik, hogy nem használja a Szolgáltatást:",Anda setuju untuk menggunakan Layanan hanya untuk tujuan yang sah dan sesuai dengan Syarat ini. Anda setuju untuk tidak menggunakan Layanan:,Accetti di utilizzare il Servizio solo per scopi legali e in conformità con questi Termini. Accetti di non utilizzare il Servizio:,お客様は、適用法に従い、これらの規約に従って、合法的な目的でのみサービスを使用することに同意します。お客様は、以下の目的でサービスを使用しないことに同意します：,귀하는 합법적인 목적으로만 그리고 본 약관에 따라 서비스를 사용하는 것에 동의합니다. 귀하는 다음과 같은 방법으로 서비스를 사용하지 않는 것에 동의합니다:,Anda bersetuju untuk menggunakan Perkhidmatan hanya untuk tujuan yang sah dan mengikut Syarat ini. Anda bersetuju untuk tidak menggunakan Perkhidmatan:,သင်သည် ဝန်ဆောင်မှုကို တရားဝင်ရည်ရွယ်ချက်များအတွက်သာ နှင့် ဤစည်းမျဉ်းများနှင့်အညီ အသုံးပြုရန် သဘောတူသည်။ သင်သည် ဝန်ဆောင်မှုကို အောက်ပါပုံစံများဖြင့် အသုံးမပြုရန် သဘောတူသည်-,U gaat ermee akkoord de Service alleen te gebruiken voor wettige doeleinden en in overeenstemming met deze Voorwaarden. U gaat ermee akkoord de Service niet te gebruiken:,Zgadzasz się korzystać z Usługi wyłącznie w celach zgodnych z prawem i zgodnie z niniejszym Regulaminem. Zgadzasz się nie używać Usługi:,Você concorda em usar o Serviço apenas para fins legais e de acordo com estes Termos. Você concorda em não usar o Serviço:,Sunteți de acord să utilizați Serviciul doar în scopuri legale și în conformitate cu acești Termeni. Sunteți de acord să nu utilizați Serviciul:,Вы соглашаетесь использовать Сервис только в законных целях и в соответствии с этими Условиями. Вы соглашаетесь не использовать Сервис:,Slažete se da ćete koristiti Uslugu samo u zakonite svrhe i u skladu sa ovim Uslovima. Slažete se da nećete koristiti Uslugu:,คุณตกลงที่จะใช้บริการเฉพาะในวัตถุประสงค์ที่ถูกกฎหมายและตามข้อกำหนดเหล่านี้เท่านั้น คุณตกลงที่จะไม่ใช้บริการ:,Hizmeti yalnızca yasal amaçlar için ve bu Şartlara uygun olarak kullanmayı kabul edersiniz. Hizmeti aşağıdaki şekillerde kullanmamayı kabul edersiniz:,Siz Xizmatni faqat qonuniy maqsadlarda va ushbu Shartlarga muvofiq foydalanishga rozilik bildirasiz. Siz Xizmatni quyidagi maqsadlarda ishlatmaslikka rozilik bildirasiz:,Bạn đồng ý chỉ sử dụng Dịch Vụ cho các mục đích hợp pháp và theo các Điều Khoản này. Bạn đồng ý không sử dụng Dịch Vụ:,您同意仅将服务用于合法目的并按照这些条款使用。您同意不将服务用于：,您同意仅为合法目的并根据这些条款使用服务。您同意不以以下方式使用服务：
terms_use_malware,لإدخال أي فيروسات أو أحصنة طروادة أو ديدان أو قنابل منطقية أو مواد أخرى ضارة أو مؤذية تقنياً.,"কোনো ভাইরাস, ট্রোজান হর্স, ওয়ার্ম, লজিক বোমা বা অন্য কোনো ক্ষতিকারক বা প্রযুক্তিগতভাবে ক্ষতিকর উপাদান প্রবেশ করানোর জন্য।","Um Viren, Trojaner, Würmer, Logikbomben oder anderes Material einzuführen, das bösartig oder technologisch schädlich ist.","Για να εισάγετε ιούς, τρωικούς ίππους, σκουλήκια, λογικές βόμβες ή άλλο υλικό που είναι κακόβουλο ή τεχνολογικά επιβλαβές.","To introduce any viruses, trojan horses, worms, logic bombs, or other material that is malicious or technologically harmful.","Para introducir virus, caballos de Troya, gusanos, bombas lógicas u otro material malicioso o tecnológicamente dañino.",برای معرفی هرگونه ویروس، اسب تروا، کرم، بمب منطقی یا سایر مواد مخرب یا مضر فناوری.,"Pour introduire des virus, chevaux de Troie, vers, bombes logiques ou tout autre matériel malveillant ou technologiquement nuisible.","כדי להכניס וירוסים, סוסים טרויאניים, תולעים, פצצות לוגיות או חומר אחר שהוא זדוני או מזיק מבחינה טכנולוגית.","कोई भी वायरस, ट्रोजन हॉर्स, वर्म्स, लॉजिक बम या अन्य दुर्भावनापूर्ण या तकनीकी रूप से हानिकारक सामग्री का परिचय देने के लिए।","Vírusok, trójai programok, férgek, logikai bombák vagy más rosszindulatú vagy technológiailag káros anyagok bevitelére.","Untuk memperkenalkan virus, trojan horse, worm, logic bomb, atau materi lain yang berbahaya atau merugikan secara teknologi.","Per introdurre virus, trojan, worm, bombe logiche o altro materiale dannoso o tecnologicamente nocivo.",ウイルス、トロイの木馬、ワーム、論理爆弾、またはその他の悪意のあるまたは技術的に有害な材料を導入するため。,"바이러스, 트로이목마, 웜, 논리폭탄 또는 기타 악성이거나 기술적으로 유해한 자료를 도입하기 위해.","Untuk memperkenalkan sebarang virus, trojan horse, cacing, bom logik atau bahan lain yang berniat jahat atau berbahaya dari segi teknologi.",မည်သည့် ဗိုင်းရပ်စ်များ၊ ထရိုဂျင်မြင်းများ၊ ပိုးကောင်များ၊ လော်ဂျစ်ဗုံးများ သို့မဟုတ် အခြား မဆိုးမကောင်းရည်ရွယ်သော သို့မဟုတ် နည်းပညာအရ အန်တရာယ်ရှိသော ပစ္စည်းများကို မိတ်ဆက်ရန်။,"Om virussen, trojaanse paarden, wormen, logische bommen of ander materiaal dat kwaadaardig of technisch schadelijk is te introduceren.","W celu wprowadzania wirusów, koni trojańskich, robaków, bomb logicznych lub innego materiału złośliwego lub technicznie szkodliwego.","Para introduzir vírus, cavalos de Troia, worms, bombas lógicas ou outro material malicioso ou tecnologicamente prejudicial.","Pentru a introduce orice viruși, cai troieni, viermi, bombe logice sau alt material care este malicios sau dăunător din punct de vedere tehnologic.","Для внедрения любых вирусов, троянских коней, червей, логических бомб или другого вредоносного или технически вредного материала.","Za uvođenje bilo kojih virusa, trojanskih konja, crva, logičkih bombi ili drugog materijala koji je zlonamerni ili tehnološki štetan.",เพื่อแนะนำไวรัส โทรจันฮอร์ส เวิร์ม ลอจิกบอมบ์ หรือวัสดุที่เป็นอันตรายหรือเป็นอันตรายทางเทคนิคอื่นๆ,"Herhangi bir virüs, truva atı, solucan, mantık bombası veya diğer kötü amaçlı veya teknik olarak zararlı materyali tanıtmak için.","Har qanday virus, trojan otlari, qurtlar, mantiqiy bombalar yoki boshqa zararli yoki texnik jihatdan zarar beruvchi materiallarni kiritish uchun.","Để đưa vào bất kỳ virus, trojan, sâu, bom logic hoặc vật liệu độc hại hoặc có hại về mặt kỹ thuật khác.",引入任何病毒、木马、蠕虫、逻辑炸弹或其他恶意或技术有害的材料。,引入任何病毒、木马、蠕虫、逻辑炸弹或其他恶意或技术有害的材料。
terms_use_privacy,لانتهاك حقوق الخصوصية للآخرين أو الانخراط في أي شكل من أشكال المراقبة المحظورة بموجب القانون؛,অন্যদের গোপনীয়তার অধিকার লঙ্ঘন করতে বা আইন দ্বারা নিষিদ্ধ কোনো ধরনের নজরদারিতে জড়িত হতে;,"Um die Privatsphäre anderer zu verletzen oder sich an einer Form der Überwachung zu beteiligen, die gesetzlich verboten ist;",Για να παραβιάζετε τα δικαιώματα ιδιωτικότητας άλλων ή να εμπλέκεστε σε οποιαδήποτε μορφή παρακολούθησης που απαγορεύεται από το νόμο·,To violate the privacy rights of others or engage in any form of surveillance that is prohibited by law;,Para violar los derechos de privacidad de otros o participar en cualquier forma de vigilancia prohibida por la ley;,برای نقض حقوق حریم خصوصی دیگران یا درگیر شدن در هر نوع نظارتی که توسط قانون ممنوع است؛,Pour violer les droits à la vie privée d'autrui ou vous engager dans toute forme de surveillance interdite par la loi ;,כדי להפר את זכויות הפרטיות של אחרים או להתערב בכל צורה של מעקב האסור על פי חוק;,दूसरों की गोपनीयता अधिकारों का उल्लंघन करने या कानून द्वारा निषिद्ध किसी भी प्रकार की निगरानी में संलग्न होने के लिए;,Mások magánélethez való jogának megsértésére vagy törvény által tiltott megfigyelési formákban való részvételre;,Untuk melanggar hak privasi orang lain atau terlibat dalam bentuk pengawasan apa pun yang dilarang oleh hukum;,Per violare i diritti alla privacy di altri o impegnarti in qualsiasi forma di sorveglianza vietata dalla legge;,他者のプライバシー権を侵害する、または法律で禁止されている形式の監視に従事するため；,타인의 사생활 권리를 침해하거나 법으로 금지된 형태의 감시에 참여하기 위해;,Untuk melanggar hak privasi orang lain atau terlibat dalam apa jua bentuk pengawasan yang dilarang oleh undang-undang;,အခြားသူများ၏ ကိုယ်ရေးကိုယ်တာ အခွင့်အရေးများကို ချိုးဖောက်ရန် သို့မဟုတ် ဥပဒေဖြင့်တားမြစ်ထားသော မည်သည့်ကြည့်ရှုစောင့်ကြပ်မှုပုံစံများတွင်မဆို ပါဝင်ရန်;,Om de privacyrechten van anderen te schenden of betrokken te raken bij enige vorm van surveillance die bij wet verboden is;,W celu naruszania praw do prywatności innych osób lub angażowania się w jakąkolwiek formę nadzoru zakazaną przez prawo;,Para violar os direitos de privacidade de outros ou se envolver em qualquer forma de vigilância proibida por lei;,Pentru a viola drepturile de confidențialitate ale altora sau pentru a vă angaja în orice formă de supraveghere care este interzisă de lege;,"Для нарушения прав на конфиденциальность других лиц или участия в любой форме наблюдения, запрещенной законом;",Za narušavanje prava drugih na privatnost ili učešće u bilo kom vidu nadzora koji je zabranjen zakonom;,เพื่อละเมิดสิทธิความเป็นส่วนตัวของผู้อื่นหรือมีส่วนร่วมในการเฝ้าระวังรูปแบบใดๆ ที่ถูกห้ามโดยกฎหมาย,Başkalarının mahremiyet haklarını ihlal etmek veya yasalarla yasaklanmış herhangi bir gözetim türüne katılmak için;,Boshqalarning maxfiylik huquqlarini buzish yoki qonun bilan taqiqlangan har qanday kuzatuv turida qatnashish uchun;,Để vi phạm quyền riêng tư của người khác hoặc tham gia vào bất kỳ hình thức giám sát nào bị cấm bởi pháp luật;,侵犯他人隐私权或参与任何法律禁止的监视形式；,侵犯他人的隐私权或从事任何法律禁止的监视形式；
terms_use_title,4. الاستخدام المقبول,৪. গ্রহণযোগ্য ব্যবহার,4. Akzeptable Nutzung,4. Αποδεκτή Χρήση,4. Acceptable Use,4. Uso Aceptable,۴. استفاده قابل قبول,4. Usage acceptable,4. שימוש מקובל,4. स्वीकार्य उपयोग,4. Elfogadható használat,4. Penggunaan yang Dapat Diterima,4. Uso Accettabile,4. 適切な使用,4. 허용 가능한 사용,4. Penggunaan yang Boleh Diterima,၄။ လက်ခံနိုင်သော အသုံးပြုမှု,4. Acceptabel Gebruik,4. Akceptowalne Użycie,4. Uso Aceitável,4. Utilizare Acceptabilă,4. Допустимое использование,4. Prihvatljiva upotreba,4. การใช้งานที่ยอมรับได้,4. Kabul Edilebilir Kullanım,4. Qabul Qilinadigan Foydalanish,4. Sử Dụng Chấp Nhận Được,4. 可接受的使用,4. 可接受的使用
website_url,https://piyuo.com,https://piyuo.com,https://piyuo.com,https://piyuo.com,https://piyuo.com,https://piyuo.com,https://piyuo.com,https://piyuo.com,https://piyuo.com,https://piyuo.com,https://piyuo.com,https://piyuo.com,https://piyuo.com,https://piyuo.com,https://piyuo.com,https://piyuo.com,https://piyuo.com,https://piyuo.com,https://piyuo.com,https://piyuo.com,https://piyuo.com,https://piyuo.com,https://piyuo.com,https://piyuo.com,https://piyuo.com,https://piyuo.com,https://piyuo.com,https://piyuo.com,https://piyuo.com